Sentence,straightforward,intentional,warm,tone_combo
Reserve your test drive today for the perfect experience.,0,1,0,intentional
Submit your application to unlock exclusive online deals.,0,1,0,intentional
Act now to secure your ideal car lease offer.,0,1,0,intentional
Schedule an appointment before the slots fill up.,0,1,0,intentional
Click the link to confirm your account changes.,0,1,0,intentional
Complete the registration to drive your dream car.,0,1,0,intentional
Sign up now and expedite your leasing process.,0,1,0,intentional
"Hurry, finalize your valuation before the market shifts.",0,1,0,intentional
Log in to adjust your account preferences quickly.,0,1,0,intentional
Confirm your subscription to receive latest car updates.,0,1,0,intentional
Reserve your leasing option while it's available.,0,1,0,intentional
Sign the agreement to commence your drive immediately.,0,1,0,intentional
Apply online to gain an edge in the car market.,0,1,0,intentional
Make your decision now and secure your investment.,0,1,0,intentional
Claim your lease termination details before the deadline.,0,1,0,intentional
Don't wait; get your valuation estimate today!,0,1,0,intentional
Choose your vehicle and finalize the lease terms swiftly.,0,1,0,intentional
Start the application to access premium car features.,0,1,0,intentional
Reserve the vehicle before it's no longer available.,0,1,0,intentional
Take control of your account by logging in today.,0,1,0,intentional
Reserve your test drive slot before it’s gone!,0,1,0,intentional
Don’t miss out on our limited-time leasing offer!,0,1,0,intentional
Secure your preferred model today!,0,1,0,intentional
Submit your application now to avoid delays.,0,1,0,intentional
Lock in this rate while it lasts!,0,1,0,intentional
Act now to drive away with a deal.,0,1,0,intentional
Register online to secure your valuation appointment.,0,1,0,intentional
Click here to unlock exclusive leasing options.,0,1,0,intentional
Apply today to ensure availability!,0,1,0,intentional
Start your application now to benefit fully.,0,1,0,intentional
Claim your discount before the offer ends!,0,1,0,intentional
Log in now to access special account features.,0,1,0,intentional
Hit 'Apply' and start your leasing journey immediately.,0,1,0,intentional
Use this opportunity to find your perfect car.,0,1,0,intentional
Begin your evaluation with just a click.,0,1,0,intentional
Don’t wait too long; apply while slots are open.,0,1,0,intentional
Select a model to experience our seamless leasing process.,0,1,0,intentional
Schedule your visit to secure the best deal.,0,1,0,intentional
Click now for immediate access to offers.,0,1,0,intentional
Ensure your information is complete for a quick process.,0,1,0,intentional
Apply now to drive your dream car today!,0,1,0,intentional
Secure your lease today before the opportunity passes.,0,1,0,intentional
Will you take the first step towards a new car?,0,1,0,intentional
Limited-time offer! Don't miss out on this deal.,0,1,0,intentional
Is this the car you’ve been searching for?,0,1,0,intentional
Lock in your rate to avoid potential increases.,0,1,0,intentional
Are you ready to enhance your driving experience?,0,1,0,intentional
Start your car valuation online instantly!,0,1,0,intentional
What's stopping you from transforming your commute?,0,1,0,intentional
Explore leasing options before they're gone.,0,1,0,intentional
Claim your exclusive deal on this vehicle now!,0,1,0,intentional
Why wait? Upgrade your ride today.,0,1,0,intentional
Initiate your lease application to secure this car.,0,1,0,intentional
Are you ready to take control of your drive?,0,1,0,intentional
Assess the value of your vehicle online instantly.,0,1,0,intentional
Begin your leasing journey with us now!,0,1,0,intentional
Will this car be the perfect fit for you?,0,1,0,intentional
Don't let this perfect match slip away!,0,1,0,intentional
Uncover the real value of your car with our service.,0,1,0,intentional
Why delay? Discover your next car today.,0,1,0,intentional
Don't miss out; submit your lease application today.,0,1,0,intentional
Reserve your test drive slot while it's still available.,0,1,0,intentional
"Remember, the special offer ends at midnight.",0,1,0,intentional
Make sure to finalize your online payment promptly.,0,1,0,intentional
Secure your preferred vehicle with a refundable deposit now.,0,1,0,intentional
Act fast to lock in this exclusive leasing rate.,0,1,0,intentional
Apply for financing before the rates adjust next week.,0,1,0,intentional
Confirm your interest by clicking the provided link.,0,1,0,intentional
Leasing terms may change soon; act now for the best deal.,0,1,0,intentional
Your eligibility check is valid only for the next 24 hours.,0,1,0,intentional
Secure the perfect car by completing your application today.,0,1,0,intentional
Ensure your spot at the event by RSVPing today.,0,1,0,intentional
Apply now to benefit from instant vehicle access.,0,1,0,intentional
Take action soon to maximize your car's valuation.,0,1,0,intentional
Complete your profile accuracy check immediately.,0,1,0,intentional
"Check your email for further steps, or the offer may lapse.",0,1,0,intentional
Access your account now to retrieve time-sensitive documents.,0,1,0,intentional
Finalize your choices today to avoid future price hikes.,0,1,0,intentional
Click to proceed with your car valuation assessment now.,0,1,0,intentional
Initiate your online application to avoid delays.,0,1,0,intentional
Don't miss this chance; apply for your lease today.,0,1,0,intentional
Act now to secure the perfect vehicle.,0,1,0,intentional
Schedule your test drive online before slots fill up.,0,1,0,intentional
Confirm your car valuation appointment promptly.,0,1,0,intentional
"Lease offers are ending soon, apply before it's too late.",0,1,0,intentional
Check your account updates immediately.,0,1,0,intentional
The exclusive deal awaits your action today.,0,1,0,intentional
Ensure your preferred car is reserved online.,0,1,0,intentional
Claim your savings by starting your lease now.,0,1,0,intentional
Quickly finalize your car details for the best quote.,0,1,0,intentional
Verify your car's value online for instant results.,0,1,0,intentional
Submit your application without delay.,0,1,0,intentional
Avoid missing out; secure your deal now.,0,1,0,intentional
Update your account to avoid disruptions.,0,1,0,intentional
Grab this leasing offer by acting swiftly.,0,1,0,intentional
Act before options are no longer available.,0,1,0,intentional
Ensure your car selection is finalized today.,0,1,0,intentional
Confirm your savings opportunity immediately.,0,1,0,intentional
Start the online evaluation to determine value now.,0,1,0,intentional
Move quickly to capitalize on our latest offer.,0,1,0,intentional
Secure the deal before the limited-time offer ends!,0,1,0,intentional
Don't miss out; apply for a lease today.,0,1,0,intentional
Act fast to lock in your car's valuation.,0,1,0,intentional
Reserve your perfect car online now.,0,1,0,intentional
"Test-drive your options, but hurry!",0,1,0,intentional
Capitalize on this exclusive car deal.,0,1,0,intentional
Submit your application to qualify quickly.,0,1,0,intentional
Ensure you don't let this opportunity pass.,0,1,0,intentional
Start the leasing process before availability runs out.,0,1,0,intentional
Lock in your rate before the month ends.,0,1,0,intentional
Quickly confirm your account to continue.,0,1,0,intentional
Enter your details today to avoid delays.,0,1,0,intentional
Sign up now to access exclusive benefits.,0,1,0,intentional
Make your decision swiftly; cars are going fast.,0,1,0,intentional
Use this chance to upgrade your drive.,0,1,0,intentional
Claim your spot in the queue now.,0,1,0,intentional
Capture this deal; it won't last long.,0,1,0,intentional
Schedule your appointment before slots are filled.,0,1,0,intentional
Seize the chance to enhance your commute.,0,1,0,intentional
Opt in now to maximize your savings.,0,1,0,intentional
Secure your dream car today by starting the online application.,0,1,0,intentional
Avoid delays by scheduling your test drive now.,0,1,0,intentional
Unlock exclusive offers by subscribing to our newsletter!,0,1,0,intentional
Don't let this deal slip away; act fast!,0,1,0,intentional
Ensure you get the best rate by applying today.,0,1,0,intentional
Claim your spot for our weekend car showcase event.,0,1,0,intentional
Your perfect vehicle awaits – don’t hesitate.,0,1,0,intentional
Keep your account current to access seamless services.,0,1,0,intentional
Application slots are limited – get started now!,0,1,0,intentional
Capitalize on your car’s value today with our instant quote.,0,1,0,intentional
Take control of your leasing options by contacting us.,0,1,0,intentional
Save time by managing your account online seamlessly.,0,1,0,intentional
Enhance your leasing experience with our premium options.,0,1,0,intentional
Schedule your maintenance visit to avoid potential issues.,0,1,0,intentional
Upgrade your ride with our limited-time trade-in offer.,0,1,0,intentional
Get pre-approved to streamline your car search.,0,1,0,intentional
Maximize savings by choosing from our fuel-efficient models.,0,1,0,intentional
Ready to invest in a new ride? Start your journey here.,0,1,0,intentional
Take advantage of our expert car valuation service today.,0,1,0,intentional
Elevate your driving experience – apply for a lease upgrade now.,0,1,0,intentional
Reserve your perfect car online before someone else does!,0,1,0,intentional
"Hurry, limited stock for this model!",0,1,0,intentional
Lock in your special rate within the next hour.,0,1,0,intentional
"Don't miss out, apply for financing now!",0,1,0,intentional
Act now to secure your preferred leasing term.,0,1,0,intentional
Time is running out to claim this exclusive offer.,0,1,0,intentional
Sign in quickly to finalize your car selection.,0,1,0,intentional
Update your account before your next car valuation.,0,1,0,intentional
"This opportunity won't last long, apply today.",0,1,0,intentional
Confirm your details to avoid disruptions in service.,0,1,0,intentional
Take action immediately to hold your desired vehicle.,0,1,0,intentional
React now to receive this limited-time lease offer.,0,1,0,intentional
Quickly confirm your account settings for accuracy.,0,1,0,intentional
"Don’t delay, apply for your perfect car today.",0,1,0,intentional
Urgent: Drive away with this deal while it lasts!,0,1,0,intentional
"Choose your ride fast, inventory is shrinking.",0,1,0,intentional
Expedite your application to get approved faster.,0,1,0,intentional
Complete your profile now to access more features.,0,1,0,intentional
Ensure your contact information is current to receive updates.,0,1,0,intentional
Reserve your lease today to lock in the best terms.,0,1,0,intentional
Don't miss out on the perfect leasing offer!,0,1,0,intentional
There's still time to upgrade your online account.,0,1,0,intentional
Finalize your car valuation request promptly!,0,1,0,intentional
Secure the best lease deal before it's gone.,0,1,0,intentional
Drive the latest models by applying now!,0,1,0,intentional
"Hurry, your exclusive offer expires soon!",0,1,0,intentional
Act fast to lock in your valuation rate!,0,1,0,intentional
Check your online account for urgent updates.,0,1,0,intentional
Make a swift decision for the best results.,0,1,0,intentional
Save big by confirming your lease today!,0,1,0,intentional
Choose the perfect car and drive it home soon.,0,1,0,intentional
Act decisively to ensure the best valuation.,0,1,0,intentional
Get ahead with our limited-time lease offers.,0,1,0,intentional
Optimize your choices by making a quick decision.,0,1,0,intentional
Ensure your car valuation accuracy by acting now.,0,1,0,intentional
Select your ideal vehicle and start driving immediately.,0,1,0,intentional
Initiate your lease agreement promptly to enjoy benefits.,0,1,0,intentional
Drive new possibilities by applying directly online.,0,1,0,intentional
Make prompt adjustments to your account for better results.,0,1,0,intentional
Book your test drive slot before they're gone!,0,1,0,intentional
Don’t miss out on our exclusive offer!,0,1,0,intentional
Secure your leasing deal by the end of the day.,0,1,0,intentional
Last chance to lock in current rates!,0,1,0,intentional
Act fast to upgrade your vehicle today.,0,1,0,intentional
Reserve your financing package now!,0,1,0,intentional
Final opportunity to apply for special rates.,0,1,0,intentional
Capture this limited-time car valuation offer.,0,1,0,intentional
Quickly upload documents before the deadline.,0,1,0,intentional
Confirm your subscription to receive updates.,0,1,0,intentional
Proceed with the application to enjoy benefits.,0,1,0,intentional
"Hurry, avail the leasing advantage now!",0,1,0,intentional
Complete the registration process promptly.,0,1,0,intentional
Finalize your purchase to prevent price hikes.,0,1,0,intentional
Optimize your savings by contacting us today.,0,1,0,intentional
Claim your valuation report before it’s too late.,0,1,0,intentional
Check out swiftly to maximize your trade-in value.,0,1,0,intentional
Initiate your leasing application immediately.,0,1,0,intentional
Keep the momentum going by activating now.,0,1,0,intentional
Don't hesitate to update your account settings.,0,1,0,intentional
We’re here to make every step of your car journey enjoyable.,0,0,1,warm
Count on us for all the friendly guidance you might need.,0,0,1,warm
We're delighted to help you find your perfect drive.,0,0,1,warm
Celebrate your new lease with a team that cares.,0,0,1,warm
Embrace the process with ease—we're right beside you.,0,0,1,warm
Enjoy peace of mind knowing we're always here for you.,0,0,1,warm
Feel free to reach out anytime—it’s what we’re here for.,0,0,1,warm
Let's make your journey with us as smooth as possible.,0,0,1,warm
We cherish the trust you've put in us to find your car.,0,0,1,warm
Your satisfaction is our daily motivation and joy.,0,0,1,warm
We love being your car companion; let's keep it rolling.,0,0,1,warm
"Enjoy every mile you drive, knowing we're here for support.",0,0,1,warm
Take your time—we're just a call away if you need us.,0,0,1,warm
"Wherever the road takes you, we're proud to be part of your story.",0,0,1,warm
Discover the joys of car leasing with a team that cares deeply.,0,0,1,warm
The journey is better together—let's enjoy it fully.,0,0,1,warm
Relax knowing we've got everything managed for you.,0,0,1,warm
Your happiness is our greatest achievement.,0,0,1,warm
"Lean on us for support, every step of the way.",0,0,1,warm
Thank you for being part of our Auto Trader family.,0,0,1,warm
We're here to ensure you feel confident each step of the way.,0,0,1,warm
Feel free to reach out anytime; we're happy to assist.,0,0,1,warm
Our team is dedicated to making you smile.,0,0,1,warm
"Whatever you need, we're just a call away.",0,0,1,warm
"Remember, your happiness is our priority.",0,0,1,warm
Take your time; we're here whenever you're ready.,0,0,1,warm
We hope to brighten your day during your car search.,0,0,1,warm
Our job is to make you feel at home while browsing.,0,0,1,warm
We're thrilled to be part of your journey.,0,0,1,warm
Let us be the friendly hand guiding you through.,0,0,1,warm
Rest easy knowing we're in this together.,0,0,1,warm
We're here to bring ease and joy to your car experience.,0,0,1,warm
Your comfort is our greatest reward.,0,0,1,warm
We're delighted to serve you and hear your thoughts.,0,0,1,warm
Our promise is to always be your trusted partner.,0,0,1,warm
We're like your friendly co-pilot on this journey.,0,0,1,warm
Let us wrap you in warmth and understanding.,0,0,1,warm
"Your journey is important to us, every step of the way.",0,0,1,warm
We're grateful to accompany you in this process.,0,0,1,warm
Let's make this experience pleasant and memorable together.,0,0,1,warm
We're here to make your leasing experience as smooth as possible.,0,0,1,warm
Let us know how we can brighten your day.,0,0,1,warm
Your satisfaction means the world to us.,0,0,1,warm
Feel free to reach out anytime; we're all ears.,0,0,1,warm
We're delighted to be part of your car journey.,0,0,1,warm
You'll always find a friend in us at every step.,0,0,1,warm
We love making sure you're comfortable with your choices.,0,0,1,warm
Consider us your friendly guide in the leasing world.,0,0,1,warm
Thank you for trusting us; it means so much.,0,0,1,warm
We're thrilled to support you any way we can.,0,0,1,warm
"From our team to yours, we're with you all the way.",0,0,1,warm
No question is too small; we're happy to help.,0,0,1,warm
We're not just a service; we're a helping hand.,0,0,1,warm
Excited to assist you in finding your perfect fit.,0,0,1,warm
Keep us in mind as your personal car consultants.,0,0,1,warm
Let's make this experience as pleasant as possible together.,0,0,1,warm
Our joy comes from seeing your happiness.,0,0,1,warm
We've got your back every step of the way.,0,0,1,warm
We're always just a message away for you.,0,0,1,warm
Our mission is to see you smile.,0,0,1,warm
We're thrilled to guide you through your car leasing journey with ease.,0,0,1,warm
"Let us simplify the car buying process for you, every step of the way.",0,0,1,warm
It's always a pleasure to assist you with your vehicle needs.,0,0,1,warm
"Our support team is just a call away, ready to help with anything.",0,0,1,warm
Don't hesitate to reach out; we're here to make things easier for you.,0,0,1,warm
We're delighted to have you as part of the AutoTrader family.,0,0,1,warm
"There's no rush, take your time, and we'll be here when you're ready.",0,0,1,warm
We’re excited to watch you drive away happy in your new car.,0,0,1,warm
We’re committed to ensuring your experience is nothing short of wonderful.,0,0,1,warm
"Relax and enjoy the ride, we've got everything covered for you.",0,0,1,warm
Our mission is to make you smile with every interaction.,0,0,1,warm
"You're not just a customer, you're part of our journey too.",0,0,1,warm
Let us be the friendly faces you trust with your car leasing needs.,0,0,1,warm
It's a joy to help you find the car of your dreams.,0,0,1,warm
We want your experience with us to be as smooth as possible.,0,0,1,warm
We'll be here whenever you need a helping hand.,0,0,1,warm
We appreciate having the opportunity to assist you today.,0,0,1,warm
Let our team give you the support you deserve.,0,0,1,warm
"Feel free to reach out, we're just a message away.",0,0,1,warm
"Your satisfaction is our highest priority, and we're here to make that happen.",0,0,1,warm
We're here for you whenever you're ready to take the next step.,0,0,1,warm
It's all about finding the right car match for you at your pace.,0,0,1,warm
Feel free to reach out anytime for a chat or advice.,0,0,1,warm
We're excited to be part of your car-leasing journey.,0,0,1,warm
"Remember, your satisfaction is our top priority.",0,0,1,warm
It's delightful to have you as part of our AutoTrader family.,0,0,1,warm
We'll always greet your questions with open arms.,0,0,1,warm
Take your time—your perfect car is waiting.,0,0,1,warm
Every opinion of yours matters deeply to us.,0,0,1,warm
You're not just a customer; you're a part of our community.,0,0,1,warm
Let's explore possibilities together—a call away.,0,0,1,warm
Your happiness with us matters more than anything.,0,0,1,warm
We're delighted to help turn your car dreams into reality.,0,0,1,warm
Here's to smooth rides and great times ahead!,0,0,1,warm
We're thrilled to support you in finding the perfect ride.,0,0,1,warm
Feel the love in every communication from us.,0,0,1,warm
It's our pleasure to make your leasing experience wonderful.,0,0,1,warm
We treasure every interaction with you.,0,0,1,warm
Welcome to a journey filled with support and excitement.,0,0,1,warm
Your comfort with us is what drives our service.,0,0,1,warm
"Our team is just a call away, here to guide you whenever you need.",0,0,1,warm
"We've got your back, every mile of your journey.",0,0,1,warm
Let us know how we can make your experience with us even better.,0,0,1,warm
We genuinely care about finding the perfect match for you and your car.,0,0,1,warm
"You're part of our AutoTrader family, and we're thrilled to have you.",0,0,1,warm
Every question is welcomed; we're here to lend a helping hand.,0,0,1,warm
Sit back and relax; we'll handle the tricky parts for you.,0,0,1,warm
Keep in touch—your satisfaction is our top priority.,0,0,1,warm
"Don't stress, just enjoy the drive; we've got everything covered.",0,0,1,warm
Our goal is to make leasing as easy and enjoyable as possible for you.,0,0,1,warm
We're delighted to answer any questions you might have about your car.,0,0,1,warm
Your happiness is what drives us forward.,0,0,1,warm
We're thrilled to accompany you on your leasing adventure.,0,0,1,warm
"Anytime you need a chat, we're just a message away.",0,0,1,warm
"Your journey with us is our passion, and we're excited to be part of it.",0,0,1,warm
You're more than just a customer; you're a cherished part of our community.,0,0,1,warm
It's a pleasure to assist you in any way we can.,0,0,1,warm
We're on standby to ensure your experience is nothing short of amazing.,0,0,1,warm
Worry less and enjoy more; we're here to make things smooth for you.,0,0,1,warm
Don't hesitate to reach out; we're just a call away.,0,0,1,warm
We're here to make your car journey a delightful experience.,0,0,1,warm
Our team is thrilled to guide you every step of the way.,0,0,1,warm
"If you need a helping hand, we're always ready.",0,0,1,warm
"Remember, every question is welcome, no matter how small.",0,0,1,warm
Your peace of mind is our top priority.,0,0,1,warm
We're excited to embark on this journey together.,0,0,1,warm
Consider us your partners in this adventure.,0,0,1,warm
We love seeing our customers happy and satisfied.,0,0,1,warm
Our commitment is to make this as easy as possible for you.,0,0,1,warm
Chat with us anytime; we're here to listen.,0,0,1,warm
We cherish every interaction and are eager to assist.,0,0,1,warm
"Relax, we're here to take the stress away.",0,0,1,warm
"As your trusted friends in the car world, we've got your back.",0,0,1,warm
Let’s make wonderful memories with your new lease.,0,0,1,warm
Your satisfaction is the highlight of our day.,0,0,1,warm
We're dedicated to bringing smiles and solutions.,0,0,1,warm
It's our joy to help make your decisions easier.,0,0,1,warm
"We'll make sure you're taken care of, every mile ahead.",0,0,1,warm
Feel free to lean on us whenever you need.,0,0,1,warm
We're just a call away if you ever need assistance.,0,0,1,warm
You can count on us to make things easier for you.,0,0,1,warm
"Feel free to reach out at any time, we're happy to help.",0,0,1,warm
We're excited to be a part of your journey with us.,0,0,1,warm
It's a pleasure having you in the AutoTrader family.,0,0,1,warm
"No question is too small, we're here to answer anything.",0,0,1,warm
We'll always have your back whenever you need.,0,0,1,warm
We're here to ensure you have a smooth experience.,0,0,1,warm
It's such a joy to assist you with your vehicle needs.,0,0,1,warm
We're thrilled to support you in finding the perfect lease.,0,0,1,warm
AutoTrader is here to provide the support you deserve.,0,0,1,warm
We're delighted to be part of your car leasing adventure.,0,0,1,warm
We're eager to help you every step of the way.,0,0,1,warm
"Your satisfaction is our top priority, always.",0,0,1,warm
We cherish having you with us on this journey.,0,0,1,warm
"There's no rush, take your time, we're here.",0,0,1,warm
Our team is thrilled to serve you with care.,0,0,1,warm
"We've got your needs covered, no worry.",0,0,1,warm
We are committed to being by your side.,0,0,1,warm
We genuinely enjoy helping you find the right lease.,0,0,1,warm
We're here to make your journey as smooth as possible.,0,0,1,warm
Feel free to reach out anytime; we're happy to chat.,0,0,1,warm
Our team is thrilled to support you every step of the way.,0,0,1,warm
"No pressure, just friendly guidance whenever you need it.",0,0,1,warm
We've got your back; consider us your partners in this.,0,0,1,warm
"We're here to lend a hand, ensuring you feel at ease.",0,0,1,warm
Your satisfaction is our joy—let us know how we can assist.,0,0,1,warm
Trust us to walk with you through every detail.,0,0,1,warm
We love being part of your exciting adventure.,0,0,1,warm
Feel the warmth of a friendly hand guiding you along.,0,0,1,warm
Let us be the gentle push that cheers you on.,0,0,1,warm
We're delighted to see you thrive with us on this journey.,0,0,1,warm
"Don't fret, we're just a call away, ready to assist.",0,0,1,warm
Our friendly experts are eager to lighten your load.,0,0,1,warm
Consider us a comforting presence in your car journey.,0,0,1,warm
We welcome you with open arms to explore at your pace.,0,0,1,warm
Let us fill your experience with warmth and support.,0,0,1,warm
"Together, we'll make this a journey to cherish.",0,0,1,warm
It's a joy to be your companion on this path.,0,0,1,warm
"Your peace of mind is our top priority, always.",0,0,1,warm
We're delighted to guide you through every step of your car journey.,0,0,1,warm
Imagine us as your trusty co-pilot on this leasing adventure.,0,0,1,warm
"Whenever you need us, just reach out—no strings attached.",0,0,1,warm
We're thrilled to welcome you to the AutoTrader family!,0,0,1,warm
Let's hit the road together on this exciting journey.,0,0,1,warm
"Buckle up, because we’re going to make this fun and easy for you.",0,0,1,warm
Feel free to lean on us for any leasing advice.,0,0,1,warm
We're here to make your car journey as smooth as possible.,0,0,1,warm
"Let's take this journey one step at a time, together.",0,0,1,warm
We’re just a call away for any assistance you may need.,0,0,1,warm
Let’s cruise through your options with a smile.,0,0,1,warm
"Consider us your personal pit crew, always ready to help.",0,0,1,warm
Our team is thrilled to support you on this journey.,0,0,1,warm
We're all about creating smooth rides and happy vibes.,0,0,1,warm
Count on us to keep things light and easygoing.,0,0,1,warm
Your journey with us is a priority we cherish.,0,0,1,warm
We’re here to turn the key on your new adventure.,0,0,1,warm
"Join us on this exciting, friendly ride.",0,0,1,warm
We're excited to join you on your car leasing journey.,0,0,1,warm
No rush—take all the time you need to decide what's best for you.,0,0,1,warm
"Our team is here to support you, every step of the way.",0,0,1,warm
We're thrilled to have you with us on this car valuation adventure.,0,0,1,warm
"Remember, we're just a call away if you need anything.",0,0,1,warm
Welcome aboard! Let's make your leasing experience amazing.,0,0,1,warm
It's perfectly okay to have questions; we're here to answer them all.,0,0,1,warm
Feel free to reach out anytime—your satisfaction is our priority.,0,0,1,warm
We're here to make car valuation as easy as pie for you.,0,0,1,warm
Let's work together to find what fits you best.,0,0,1,warm
You're never alone; we're always here to lend a helping hand.,0,0,1,warm
Cheers to brighter days and smoother rides ahead!,0,0,1,warm
We hope to make your experience as pleasant as possible.,0,0,1,warm
It's our pleasure to be part of your automotive journey.,0,0,1,warm
"No worries, we're here to make this process a breeze.",0,0,1,warm
Celebrating little victories with you makes us happy.,0,0,1,warm
We appreciate your trust and are here to support you.,0,0,1,warm
You're always welcome to explore options with us.,0,0,1,warm
Your happiness is our success—let us know how we can help.,0,0,1,warm
We can't wait to see where this journey takes you.,0,0,1,warm
Our team is always ready with a smile to assist you.,0,0,1,warm
Feel free to reach out anytime; we're here to make things easier for you.,0,0,1,warm
"Remember, we're just a call away whenever you need us.",0,0,1,warm
You've got a friend in leasing with us.,0,0,1,warm
Let's work together to make your experience wonderful!,0,0,1,warm
We're on a mission to bring joy to your car journey.,0,0,1,warm
We're thrilled to have you with us on this journey!,0,0,1,warm
"Don't stress, we've got everything covered for you.",0,0,1,warm
Consider us your friendly co-pilot on this ride.,0,0,1,warm
Need reassurance? We're here 24/7.,0,0,1,warm
We’re so happy to be part of your leasing adventure.,0,0,1,warm
"Together, we'll make this car journey an exciting one.",0,0,1,warm
"No worries, we'll handle the details for you.",0,0,1,warm
It's our pleasure to support you every step of the way.,0,0,1,warm
We're excited to have you join our leasing family!,0,0,1,warm
Our goal is your happiness; let's make that happen!,0,0,1,warm
"With us, you're always in good hands!",0,0,1,warm
We cherish every moment we can assist you!,0,0,1,warm
Rest easy knowing we're here to handle everything for you.,0,0,1,warm
We're here to make your leasing experience as enjoyable as possible.,0,0,1,warm
Our team is just a call away whenever you need a hand.,0,0,1,warm
We love making car buying a fun adventure for you.,0,0,1,warm
Every question you have is important to us.,0,0,1,warm
Let's turn this car search into a smooth ride together.,0,0,1,warm
We're proud to be part of your car journey.,0,0,1,warm
We always have your best interests at heart.,0,0,1,warm
"Reach out anytime, we're here to support.",0,0,1,warm
It's a joy to help you find your perfect car.,0,0,1,warm
We'll be cheering you on every mile of the way.,0,0,1,warm
Our team is here to support you in every step of the leasing journey.,0,1,1,intentional+warm
We’re committed to helping you find the best car for your lifestyle.,0,1,1,intentional+warm
Let us drive away any concerns you might have about the leasing process.,0,1,1,intentional+warm
We're dedicated to ensuring your transition to a new vehicle is smooth and joyful.,0,1,1,intentional+warm
Feel free to reach out; we’re more than happy to assist you with your needs.,0,1,1,intentional+warm
We strive to make your car valuation experience both enjoyable and efficient.,0,1,1,intentional+warm
Our goal is to give you the confidence you need to make the right decision.,0,1,1,intentional+warm
Allow us to help you navigate the leasing options with ease and clarity.,0,1,1,intentional+warm
We’re here to ensure you feel supported during the entire car buying process.,0,1,1,intentional+warm
Trust us to provide the guidance you require for a successful transition.,0,1,1,intentional+warm
We’re focused on creating a welcoming environment for all your leasing questions.,0,1,1,intentional+warm
Empowering you with knowledge to find the perfect vehicle is our priority.,0,1,1,intentional+warm
Let us walk you through our simple and friendly car valuation process.,0,1,1,intentional+warm
Our mission is to make your leasing experience pleasant and stress-free.,0,1,1,intentional+warm
We’re ready to support you in finding a car that suits your unique needs.,0,1,1,intentional+warm
Allow us to ensure your leasing journey is as comfortable as possible.,0,1,1,intentional+warm
Let's make your car valuation a positive and informative experience together.,0,1,1,intentional+warm
Our dedicated team stands by to assist with personalized leasing strategies.,0,1,1,intentional+warm
We're eager to bring clarity and warmth to your car-buying adventure.,0,1,1,intentional+warm
Our purpose is to eliminate stress while providing expert advice along the way.,0,1,1,intentional+warm
Our team is here to support you every step of the way.,0,1,1,intentional+warm
We're excited to guide you through choosing your perfect vehicle.,0,1,1,intentional+warm
Let us help you drive with confidence in a car you love.,0,1,1,intentional+warm
Trust us to make your car leasing experience enjoyable and easy.,0,1,1,intentional+warm
We’re committed to ensuring you feel supported and informed.,0,1,1,intentional+warm
You can count on us to provide helpful and friendly service.,0,1,1,intentional+warm
We’re here to make sure you’re comfortable with every step of leasing.,0,1,1,intentional+warm
"Your satisfaction is our priority, and we’re happy to assist.",0,1,1,intentional+warm
Let's work together to find the car that matches your dreams.,0,1,1,intentional+warm
Our goal is to make your life easier with our tailored solutions.,0,1,1,intentional+warm
"Feel free to reach out, we're eager to support your journey.",0,1,1,intentional+warm
Partner with us for a stress-free and enjoyable car buying experience.,0,1,1,intentional+warm
We’re dedicated to helping you find the best lease for your needs.,0,1,1,intentional+warm
Your peace of mind is our promise as we assist you fully.,0,1,1,intentional+warm
We’re thrilled to answer any questions you might have.,0,1,1,intentional+warm
It's our pleasure to provide the support you need to make decisions confidently.,0,1,1,intentional+warm
"Together, we’ll explore the best options for your lifestyle.",0,1,1,intentional+warm
We’re excited to bring you closer to your ideal vehicle.,0,1,1,intentional+warm
Lean on us for guidance that empowers your car journey.,0,1,1,intentional+warm
We aim to help you feel at ease with our personalized assistance.,0,1,1,intentional+warm
Our team is here to guide you through every step with ease.,0,1,1,intentional+warm
We're committed to ensuring your leasing journey feels smooth and personal.,0,1,1,intentional+warm
"Rest assured, we're dedicated to providing you with all the support you need.",0,1,1,intentional+warm
We take pride in helping you find the right vehicle with confidence.,0,1,1,intentional+warm
Let us make your car valuation experience effortless and enjoyable.,0,1,1,intentional+warm
We're here to turn your dream of driving a new car into reality.,0,1,1,intentional+warm
Lean on our expertise to guide you smoothly through the leasing process.,0,1,1,intentional+warm
We'll ensure your account management is handled with care and precision.,0,1,1,intentional+warm
Our dedication is to help you find a car that suits your lifestyle perfectly.,0,1,1,intentional+warm
Experience the joy of leasing with a team that truly cares.,0,1,1,intentional+warm
Trust us to make your car searches stress-free and efficient.,0,1,1,intentional+warm
We aim to boost your confidence in every aspect of your car journey.,0,1,1,intentional+warm
Count on us to provide continuous support and friendly service.,0,1,1,intentional+warm
We're here to ensure you feel supported every mile of the way.,0,1,1,intentional+warm
Partner with us to experience a leasing process that feels just right.,0,1,1,intentional+warm
Our focus is to give you a seamless experience from start to finish.,0,1,1,intentional+warm
Drive with peace of mind knowing we're with you every step.,0,1,1,intentional+warm
"We've got your back, making sure your car valuation is spot on.",0,1,1,intentional+warm
Let us enhance your car experience with our trusted guidance.,0,1,1,intentional+warm
Our mission is to make your car adventures as delightful as possible.,0,1,1,intentional+warm
It’s our pleasure to help you find the perfect car for your needs.,0,1,1,intentional+warm
We’re committed to making your leasing experience smooth and rewarding.,0,1,1,intentional+warm
"Your satisfaction is our priority, and we're excited to assist you.",0,1,1,intentional+warm
Let us guide you in discovering the right vehicle with ease.,0,1,1,intentional+warm
Our friendly team is eager to help you drive with confidence.,0,1,1,intentional+warm
Join us in making car leasing an enjoyable journey.,0,1,1,intentional+warm
We genuinely care about finding the best options for you.,0,1,1,intentional+warm
"Rest assured, we are dedicated to your comfort and trust.",0,1,1,intentional+warm
Embrace your new leasing journey with our expert support.,0,1,1,intentional+warm
We’re thrilled to help you explore new opportunities on the road.,0,1,1,intentional+warm
Count on us to make your car valuation experience delightful.,0,1,1,intentional+warm
Feel confident knowing our team is ready to assist you.,0,1,1,intentional+warm
We’re passionate about helping you make informed decisions.,0,1,1,intentional+warm
Your happiness is our mission as you explore car leasing options.,0,1,1,intentional+warm
"Together, we'll find the perfect vehicle that suits your style.",0,1,1,intentional+warm
We cherish the opportunity to assist you in your car journey.,0,1,1,intentional+warm
Explore exciting leasing options with a team that truly cares.,0,1,1,intentional+warm
Let us ensure you feel supported every mile of the way.,0,1,1,intentional+warm
We're here to make your experience both smooth and joyful.,0,1,1,intentional+warm
Our team is here to support you through every step of your car leasing journey.,0,1,1,intentional+warm
Let us help you make confident choices with our expert guidance.,0,1,1,intentional+warm
We will be with you every step of the way to ease your mind.,0,1,1,intentional+warm
Trust our team to simplify the leasing process for you.,0,1,1,intentional+warm
We're here to make your car-buying experience enjoyable and stress-free.,0,1,1,intentional+warm
Our goal is to help you drive away with confidence and satisfaction.,0,1,1,intentional+warm
Feel confident knowing you have our team's full support.,0,1,1,intentional+warm
We are committed to ensuring your experience with us is seamless.,0,1,1,intentional+warm
Our experts will guide you smoothly through the car valuation process.,0,1,1,intentional+warm
Let us take care of the details so you can focus on the drive ahead.,0,1,1,intentional+warm
You can rely on our expertise to lead you through this smoothly.,0,1,1,intentional+warm
Our dedicated team is ready to assist you with all your leasing needs.,0,1,1,intentional+warm
We're excited to be a part of your car-buying journey and offer our support.,0,1,1,intentional+warm
"Rest assured, we’re here to provide answers and guidance when you need them.",0,1,1,intentional+warm
We aim to make your experience both enjoyable and efficient.,0,1,1,intentional+warm
Count on us to make your transition into a new car easy and enjoyable.,0,1,1,intentional+warm
We're thrilled to assist you in finding the perfect vehicle.,0,1,1,intentional+warm
Embrace this journey with the full support of our experienced team.,0,1,1,intentional+warm
Let us bring ease and excitement to your car acquisition process.,0,1,1,intentional+warm
We are eager to share our knowledge and make this process pleasant for you.,0,1,1,intentional+warm
"Rest assured, our team is here to assist you every step of the way.",0,1,1,intentional+warm
We're dedicated to ensuring you drive away with joy and confidence.,0,1,1,intentional+warm
Let us simplify this journey for you with our expert guidance.,0,1,1,intentional+warm
"Your satisfaction is our priority, and we're here to make it happen.",0,1,1,intentional+warm
"Together, we’ll make leasing your next car a smooth experience.",0,1,1,intentional+warm
We'll support you in making the best decision for your lifestyle.,0,1,1,intentional+warm
Count on us to navigate you through the process with ease.,0,1,1,intentional+warm
We're committed to giving you the car valuation confidence you deserve.,0,1,1,intentional+warm
"You can always rely on our team to offer friendly, expert advice.",0,1,1,intentional+warm
Let’s partner together to find the car that feels just right for you.,0,1,1,intentional+warm
Our mission is to help you lease without any hassle or worry.,0,1,1,intentional+warm
We aim to deliver a nurturing experience from start to finish.,0,1,1,intentional+warm
We'll guide you in making informed choices you'll be happy with.,0,1,1,intentional+warm
Trust us to be by your side with understanding and care.,0,1,1,intentional+warm
"Together, we'll ensure you feel at ease throughout the process.",0,1,1,intentional+warm
"We're here to offer not just solutions, but a supportive relationship.",0,1,1,intentional+warm
"Your happiness is our goal, and we’re delighted to help achieve it.",0,1,1,intentional+warm
We’re thrilled to accompany you on your exciting car journey.,0,1,1,intentional+warm
Our team is poised to make your experience both pleasant and successful.,0,1,1,intentional+warm
We're eager to help you turn the page on your next car chapter.,0,1,1,intentional+warm
We're here to ensure you feel confident in your leasing decisions.,0,1,1,intentional+warm
Trust our team to make your car-buying journey as smooth as possible.,0,1,1,intentional+warm
Let us support you in finding the ideal vehicle for your lifestyle.,0,1,1,intentional+warm
We’re committed to helping you drive with peace of mind.,0,1,1,intentional+warm
Feel free to reach out; our team is ready to assist you.,0,1,1,intentional+warm
Our goal is to make car leasing a stress-free experience for you.,0,1,1,intentional+warm
We believe in providing support every mile of your journey.,0,1,1,intentional+warm
We’ll guide you through the process with care and attention.,0,1,1,intentional+warm
Count on us to offer a personalized approach to your car needs.,0,1,1,intentional+warm
Let our experts help you make the best choice for your vehicle.,0,1,1,intentional+warm
Our dedication is to help you drive away with confidence.,0,1,1,intentional+warm
We're devoted to ensuring your satisfaction at every stage.,0,1,1,intentional+warm
Join us in making your car journey a memorable adventure.,0,1,1,intentional+warm
Our team's priority is to foster a positive experience for you.,0,1,1,intentional+warm
We aim to instill confidence and trust in all your car decisions.,0,1,1,intentional+warm
Let us create a supportive environment for all your leasing needs.,0,1,1,intentional+warm
Ensuring you feel valued and understood is our top priority.,0,1,1,intentional+warm
We're devoted to turning your car aspirations into reality.,0,1,1,intentional+warm
Count on us to back you up with unwavering support.,0,1,1,intentional+warm
"Together, let's drive towards a future that's bright and promising.",0,1,1,intentional+warm
Our team is here to help you navigate this journey smoothly.,0,1,1,intentional+warm
Let us assist you in finding the perfect vehicle with confidence and ease.,0,1,1,intentional+warm
We’re committed to giving you all the support you need during the leasing process.,0,1,1,intentional+warm
Trust us to guide you every step of the way with care and professionalism.,0,1,1,intentional+warm
We're here to ensure your car valuation experience is both accurate and reassuring.,0,1,1,intentional+warm
Our goal is to provide seamless support for all your automotive needs.,0,1,1,intentional+warm
Allow us to make your leasing experience positive and stress-free.,0,1,1,intentional+warm
"Together, we’ll find the best solution tailored just for you.",0,1,1,intentional+warm
"With our guidance, you’ll feel confident in every decision you make.",0,1,1,intentional+warm
Depend on us to be a supportive partner in your car-buying journey.,0,1,1,intentional+warm
We aim to build your confidence by delivering exceptional service every time.,0,1,1,intentional+warm
Our dedicated team is here to ensure your satisfaction and peace of mind.,0,1,1,intentional+warm
Let us ease your concerns as you embark on this exciting new venture.,0,1,1,intentional+warm
We're committed to delivering a supportive and uplifting leasing experience.,0,1,1,intentional+warm
Feel assured knowing we prioritize your needs at every stage of the process.,0,1,1,intentional+warm
Our expertise is at your disposal to make this journey rewarding and enjoyable.,0,1,1,intentional+warm
We take pride in making your experience feel effortless and personal.,0,1,1,intentional+warm
Let our support empower you to make informed decisions with ease.,0,1,1,intentional+warm
We’re dedicated to helping you drive away with a smile and satisfaction.,0,1,1,intentional+warm
Your peace of mind is our top priority as we guide you through the options.,0,1,1,intentional+warm
Our team is here to support you in every step of your car leasing journey.,0,1,1,intentional+warm
We’re excited to help you find the perfect vehicle that suits your lifestyle.,0,1,1,intentional+warm
Let's make car shopping an enjoyable experience together.,0,1,1,intentional+warm
"Your satisfaction is our priority, and we're always here to assist you.",0,1,1,intentional+warm
Feel free to reach out anytime; our team is dedicated to helping you.,0,1,1,intentional+warm
We’re committed to ensuring you drive away happy and confident.,0,1,1,intentional+warm
Let’s work together to find the best car for you and your family.,0,1,1,intentional+warm
We're here to answer your questions and ease any concerns you might have.,0,1,1,intentional+warm
Count on us to guide you through every detail with care.,0,1,1,intentional+warm
We want you to feel supported throughout your entire car leasing process.,0,1,1,intentional+warm
Our goal is to help you find a deal that fits your budget comfortably.,0,1,1,intentional+warm
We’re passionate about connecting you with a vehicle you love.,0,1,1,intentional+warm
Trust us to provide the dedicated service you deserve.,0,1,1,intentional+warm
Let us be part of your journey to owning the car you’ve dreamt about.,0,1,1,intentional+warm
We’re driven to make your car-buying experience smooth and delightful.,0,1,1,intentional+warm
You can rely on our expertise to guide your decision with confidence.,0,1,1,intentional+warm
Let our friendly team assist you in choosing the right vehicle plan.,0,1,1,intentional+warm
We're dedicated to ensuring your car lease feels as effortless as possible.,0,1,1,intentional+warm
Allow us the privilege of helping you find your next automobile.,0,1,1,intentional+warm
Our mission is to make your journey towards leasing a car as enjoyable as it can be.,0,1,1,intentional+warm
Our team is here to ensure you have a seamless leasing experience.,0,1,1,intentional+warm
We’re committed to guiding you through every step with care.,0,1,1,intentional+warm
Let us support you in finding the perfect vehicle for your needs.,0,1,1,intentional+warm
"Rest assured, we’ll help you navigate your car valuation with ease.",0,1,1,intentional+warm
We’re dedicated to giving you the confidence needed to make informed decisions.,0,1,1,intentional+warm
Our mission is to make your leasing journey as smooth and enjoyable as possible.,0,1,1,intentional+warm
Feel free to reach out with any questions; we’re always happy to assist.,0,1,1,intentional+warm
We believe in providing support that empowers you to drive with confidence.,0,1,1,intentional+warm
Allow us to assist you in turning your car buying dreams into reality.,0,1,1,intentional+warm
Trust our expertise to guide you through a worry-free leasing process.,0,1,1,intentional+warm
Let’s work together to find the best value for your cherished vehicle.,0,1,1,intentional+warm
We take pride in supporting you every step of the way.,0,1,1,intentional+warm
"Your satisfaction is our priority, and we're here to help achieve that.",0,1,1,intentional+warm
Allow us to ease the complexities of account management for you.,0,1,1,intentional+warm
We're excited to partner with you on your next automotive adventure.,0,1,1,intentional+warm
Let us provide the assistance you deserve to enjoy a worry-free experience.,0,1,1,intentional+warm
Our aim is to ensure you feel supported and confident throughout the process.,0,1,1,intentional+warm
We are here to offer you the best guidance tailored to your needs.,0,1,1,intentional+warm
Trust us to help make your car ownership journey delightful.,0,1,1,intentional+warm
"Together, we can achieve a leasing solution that truly satisfies you.",0,1,1,intentional+warm
"Feel free to reach out if you have any questions, we're here to help!",1,0,1,straightforward+warm
"Take your time, there's no rush to make a decision.",1,0,1,straightforward+warm
"Rest assured, our team is dedicated to providing you with the best service.",1,0,1,straightforward+warm
You’re making a great step forward by considering our leasing options.,1,0,1,straightforward+warm
"Your satisfaction means the world to us, and we’re excited to assist you.",1,0,1,straightforward+warm
We're thrilled to guide you through this process with ease.,1,0,1,straightforward+warm
Don't hesitate to contact us for any assistance you might need.,1,0,1,straightforward+warm
It’s absolutely okay to explore other options if you choose to.,1,0,1,straightforward+warm
We’re here to ensure you have a smooth and enjoyable experience.,1,0,1,straightforward+warm
Let our friendly specialists walk you through each step.,1,0,1,straightforward+warm
You’ll find everything you need conveniently right here.,1,0,1,straightforward+warm
A big thank you for considering our services.,1,0,1,straightforward+warm
We're excited to help you find the perfect vehicle for your needs.,1,0,1,straightforward+warm
"Relax, our supportive team is available whenever you need us.",1,0,1,straightforward+warm
"Your peace of mind is a priority for us, feel free to ask anything.",1,0,1,straightforward+warm
We believe in making this journey as pleasant as possible for you.,1,0,1,straightforward+warm
Thanks for considering us in your car-buying adventure.,1,0,1,straightforward+warm
"We're delighted you're exploring our options, let's make it great!",1,0,1,straightforward+warm
Feel comfortable knowing we're just a call away for any help.,1,0,1,straightforward+warm
We're looking forward to making this an amazing experience for you.,1,0,1,straightforward+warm
We're here to guide you every step of the way.,1,0,1,straightforward+warm
Feel free to reach out anytime with your questions.,1,0,1,straightforward+warm
"Relax, and let us handle the details for you.",1,0,1,straightforward+warm
We've got you covered no matter what you choose.,1,0,1,straightforward+warm
Our support is always just a call away.,1,0,1,straightforward+warm
Our team is excited to assist you.,1,0,1,straightforward+warm
Don’t hesitate to explore our services further.,1,0,1,straightforward+warm
"You’re not alone in this process, we’ve got your back.",1,0,1,straightforward+warm
It’s all about finding the right fit for you.,1,0,1,straightforward+warm
We appreciate your interest and are here to help.,1,0,1,straightforward+warm
Discover the benefits without any pressure.,1,0,1,straightforward+warm
Your satisfaction is our top priority.,1,0,1,straightforward+warm
Enjoy the peace of mind we provide.,1,0,1,straightforward+warm
Our friendly team is ready to assist whenever you need.,1,0,1,straightforward+warm
Join us and experience our seamless service.,1,0,1,straightforward+warm
Your journey with us should be worry-free.,1,0,1,straightforward+warm
We're committed to making this simple for you.,1,0,1,straightforward+warm
Connect with us for a hassle-free experience.,1,0,1,straightforward+warm
We're delighted to be part of your journey.,1,0,1,straightforward+warm
Let us make this process enjoyable for you.,1,0,1,straightforward+warm
Feel free to reach out if you need any assistance.,1,0,1,straightforward+warm
Let's find the perfect car for you together!,1,0,1,straightforward+warm
"Remember, we're just a call or a message away.",1,0,1,straightforward+warm
We’re grateful you're considering us for your car needs.,1,0,1,straightforward+warm
Our team is dedicated to making this process simple for you.,1,0,1,straightforward+warm
"No pressure, we’re here to provide all the support you need.",1,0,1,straightforward+warm
We'll make sure you feel confident with your choice.,1,0,1,straightforward+warm
"If you have any questions, we're happy to help.",1,0,1,straightforward+warm
You’re in great hands with our experienced team.,1,0,1,straightforward+warm
We appreciate you choosing our services.,1,0,1,straightforward+warm
Let's keep things simple and easy for you.,1,0,1,straightforward+warm
We're thrilled to support your journey with us.,1,0,1,straightforward+warm
We'd love to assist you in any way we can.,1,0,1,straightforward+warm
We're excited to partner with you on this.,1,0,1,straightforward+warm
You can rely on us to provide trustworthy information.,1,0,1,straightforward+warm
Our aim is to make your experience delightful.,1,0,1,straightforward+warm
We’re committed to being here for you every step.,1,0,1,straightforward+warm
Feel confident knowing we’re by your side.,1,0,1,straightforward+warm
We're here to make your decision as stress-free as possible.,1,0,1,straightforward+warm
Reach out whenever you need us; we're here to help with whatever you need.,1,0,1,straightforward+warm
We’re excited to assist you on this journey.,1,0,1,straightforward+warm
You can contact us any time; our team is ready to support you.,1,0,1,straightforward+warm
"It's okay to take your time, we're here whenever you're ready.",1,0,1,straightforward+warm
We'll make sure your leasing experience is smooth and easy.,1,0,1,straightforward+warm
"You're doing great, and we're proud to support you.",1,0,1,straightforward+warm
Your satisfaction matters to us; feel free to give us feedback.,1,0,1,straightforward+warm
Don’t hesitate to ask questions; we're here to provide clarity.,1,0,1,straightforward+warm
"You've taken the first step, and we're thrilled to be part of it.",1,0,1,straightforward+warm
We're always just a call or click away if you need us.,1,0,1,straightforward+warm
"Enjoy exploring your options, and know we're here to assist.",1,0,1,straightforward+warm
"You're on the right path, and we're here to support it.",1,0,1,straightforward+warm
Contact us if you need a helping hand; we’re always ready.,1,0,1,straightforward+warm
We're grateful to have you exploring options with us.,1,0,1,straightforward+warm
"Discover the possibilities, and keep in mind we're here to help.",1,0,1,straightforward+warm
We care about making your experience positive and rewarding.,1,0,1,straightforward+warm
Let us know how we can make this process perfect for you.,1,0,1,straightforward+warm
Feel free to take your time; we're here when you need us.,1,0,1,straightforward+warm
We’re happy to answer any questions to ease your concerns.,1,0,1,straightforward+warm
"With us, you’re never alone; we're excited to assist you.",1,0,1,straightforward+warm
We're thrilled you're considering us for your car lease.,1,0,1,straightforward+warm
"Remember, you're in control, and we're here to make it easy.",1,0,1,straightforward+warm
Feel free to reach out if something doesn’t feel right.,1,0,1,straightforward+warm
We'll work together to find the perfect solution for you.,1,0,1,straightforward+warm
"Your satisfaction is our priority, so let us know how we can help.",1,0,1,straightforward+warm
Our friendly team is waiting to assist you in your journey.,1,0,1,straightforward+warm
We’re delighted you're with us on this adventure.,1,0,1,straightforward+warm
Our support team ensures everything is smooth and simple for you.,1,0,1,straightforward+warm
We appreciate having you as part of our community.,1,0,1,straightforward+warm
"If you need any guidance, we're right here.",1,0,1,straightforward+warm
Our goal is to keep the process as hassle-free as possible for you.,1,0,1,straightforward+warm
You're never alone; our experts are just a call away.,1,0,1,straightforward+warm
We love having you on board.,1,0,1,straightforward+warm
"You’re not locked in, explore options with complete freedom.",1,0,1,straightforward+warm
We're excited to help you discover your ideal car.,1,0,1,straightforward+warm
"There's no rush, take your time to make the best decision for you.",1,0,1,straightforward+warm
We're here to provide clarity and support at every step.,1,0,1,straightforward+warm
"Your journey with us is important, and we're glad to be part of it.",1,0,1,straightforward+warm
We'll handle the details so you can relax and enjoy the ride.,1,0,1,straightforward+warm
Our team believes in making your experience enjoyable and stress-free.,1,0,1,straightforward+warm
Feel free to reach out; we're here to help every step of the way.,1,0,1,straightforward+warm
Let us know how we can make your experience better.,1,0,1,straightforward+warm
Our team is always ready to assist with any questions you have.,1,0,1,straightforward+warm
We appreciate your interest in our leasing options.,1,0,1,straightforward+warm
You’re in good hands with our experienced support team.,1,0,1,straightforward+warm
"Just drop us a message, and we'll handle the rest.",1,0,1,straightforward+warm
Thank you for considering Auto Trader for your car needs.,1,0,1,straightforward+warm
"If you have any concerns, don’t hesitate to contact us.",1,0,1,straightforward+warm
We're dedicated to making your leasing process as smooth as possible.,1,0,1,straightforward+warm
It’s easy to get started; we're happy to guide you.,1,0,1,straightforward+warm
We’re here to make this journey fun and easy for you.,1,0,1,straightforward+warm
Reach out whenever you need us; we love to help.,1,0,1,straightforward+warm
Your satisfaction is always our top priority.,1,0,1,straightforward+warm
We're committed to providing you the best experience possible.,1,0,1,straightforward+warm
"If you have any questions, we’re just a call away.",1,0,1,straightforward+warm
Let us assist you in finding the perfect lease for your lifestyle.,1,0,1,straightforward+warm
We're grateful for your trust in our services.,1,0,1,straightforward+warm
Your happiness means the world to us.,1,0,1,straightforward+warm
We look forward to helping you find your next car.,1,0,1,straightforward+warm
"Don’t worry, we’re just here to support you.",1,0,1,straightforward+warm
Our goal is to make your leasing experience as smooth as possible.,1,0,1,straightforward+warm
We're here to assist you with any questions you might have.,1,0,1,straightforward+warm
Feel free to reach out whenever you need.,1,0,1,straightforward+warm
We're just a call away if you need any help.,1,0,1,straightforward+warm
"Your satisfaction is important to us, so let us know how we can help.",1,0,1,straightforward+warm
We’re always happy to hear from you.,1,0,1,straightforward+warm
You can cancel your valuation request anytime without worries.,1,0,1,straightforward+warm
"Rest assured, we’re here to guide you through every step.",1,0,1,straightforward+warm
Don't hesitate to contact us if anything comes up.,1,0,1,straightforward+warm
"Your journey to a new car starts here, and we're excited to join you.",1,0,1,straightforward+warm
"Remember, you’re in control of the process – no pressure from us.",1,0,1,straightforward+warm
We're glad you're considering us for your next vehicle.,1,0,1,straightforward+warm
"Your needs are our priority, and we're here to meet them.",1,0,1,straightforward+warm
"If there's anything you need, we're here to help.",1,0,1,straightforward+warm
"You’re welcome to explore at your own pace, we’re here when you’re ready.",1,0,1,straightforward+warm
There's no rush — take your time to explore your options.,1,0,1,straightforward+warm
"Every step you take, we're here to support you.",1,0,1,straightforward+warm
Ask us anything — we're happy to assist!,1,0,1,straightforward+warm
"That’s what we’re here for, to make things easier for you.",1,0,1,straightforward+warm
Our friendly team is just a message away.,1,0,1,straightforward+warm
Feel free to reach out anytime; we’re here to help.,1,0,1,straightforward+warm
We're excited to support you with your leasing journey.,1,0,1,straightforward+warm
"You've made a wonderful choice, and we're thrilled to assist you.",1,0,1,straightforward+warm
Our team is eager to help streamline your car valuation process.,1,0,1,straightforward+warm
No pressure at all; we're just here to guide you.,1,0,1,straightforward+warm
We're just a call or email away if you need us.,1,0,1,straightforward+warm
We're delighted to offer our support whenever you need.,1,0,1,straightforward+warm
Get in touch with confidence; we've got your back.,1,0,1,straightforward+warm
Don't stress; our experts are ready to assist you.,1,0,1,straightforward+warm
Thank you for choosing us to explore leasing options.,1,0,1,straightforward+warm
Auto Trader makes leasing simple so you can focus on driving.,1,1,1,straightforward+intentional+warm
We're here to ensure that leasing is hassle-free for you.,1,1,1,straightforward+intentional+warm
Start your journey with confidence and let Auto Trader guide you all the way.,1,1,1,straightforward+intentional+warm
We're committed to providing you with a seamless leasing experience.,1,1,1,straightforward+intentional+warm
Auto Trader is ready to support your every step in the leasing process.,1,1,1,straightforward+intentional+warm
Choose flexibility and convenience with our leasing options.,1,1,1,straightforward+intentional+warm
Our team is dedicated to helping you every mile of the way.,1,1,1,straightforward+intentional+warm
We’re excited to assist you in making the best leasing choice.,1,1,1,straightforward+intentional+warm
Discover the ease of leasing with a partner who truly cares.,1,1,1,straightforward+intentional+warm
We're passionate about helping you find the right vehicle.,1,1,1,straightforward+intentional+warm
Enjoy your journey while we handle the details of leasing.,1,1,1,straightforward+intentional+warm
Let us take care of the hard part so you can enjoy the drive.,1,1,1,straightforward+intentional+warm
Auto Trader is here to provide you with exceptional leasing support.,1,1,1,straightforward+intentional+warm
Explore your options with ease and let us do the heavy lifting.,1,1,1,straightforward+intentional+warm
We're thrilled to help make your leasing decision an informed one.,1,1,1,straightforward+intentional+warm
Take comfort in knowing we’re here to assist throughout the lease.,1,1,1,straightforward+intentional+warm
Experience the joy of driving with our tailored leasing solutions.,1,1,1,straightforward+intentional+warm
"With Auto Trader, you’re never alone in the leasing process.",1,1,1,straightforward+intentional+warm
We’re proud to walk alongside you in your leasing journey.,1,1,1,straightforward+intentional+warm
"At Auto Trader, we’re dedicated to helping you find the perfect lease for your lifestyle.",1,1,1,straightforward+intentional+warm
We're here to ensure your car valuation experience is simple and reassuring.,1,1,1,straightforward+intentional+warm
Let us be a part of your journey to find the car you truly love.,1,1,1,straightforward+intentional+warm
Our team is excited to support you every step of the way with your lease.,1,1,1,straightforward+intentional+warm
Discover the ease and joy of leasing with our guidance.,1,1,1,straightforward+intentional+warm
We’re committed to making car valuation a pleasant and stress-free experience for you.,1,1,1,straightforward+intentional+warm
Allow us to assist you in making informed decisions about your vehicle.,1,1,1,straightforward+intentional+warm
Auto Trader is here to ensure your leasing process is smooth and enjoyable.,1,1,1,straightforward+intentional+warm
Let our experts help you unlock the true value of your car today.,1,1,1,straightforward+intentional+warm
We're thrilled to make car leasing a simple and delightful process for you.,1,1,1,straightforward+intentional+warm
Count on us to provide the support you need for all your account management needs.,1,1,1,straightforward+intentional+warm
We’re ready and eager to guide you through the leasing process with ease.,1,1,1,straightforward+intentional+warm
Embrace the drive of your dreams with our personalized leasing options.,1,1,1,straightforward+intentional+warm
"Rest assured, we’re here to make your car valuation experience seamless and friendly.",1,1,1,straightforward+intentional+warm
Our dedicated team is here to help streamline your leasing journey.,1,1,1,straightforward+intentional+warm
Enjoy peace of mind with our user-friendly car valuation services.,1,1,1,straightforward+intentional+warm
Join us and see how easy and fun leasing can be with Auto Trader.,1,1,1,straightforward+intentional+warm
We are committed to ensuring your experience with us is both helpful and enjoyable.,1,1,1,straightforward+intentional+warm
Our goal is to make finding the perfect lease as enjoyable as possible for you.,1,1,1,straightforward+intentional+warm
Trust us to help you uncover the best options for your next vehicle.,1,1,1,straightforward+intentional+warm
Let us help you discover the perfect lease option for your lifestyle.,1,1,1,straightforward+intentional+warm
Find peace of mind knowing our team is dedicated to supporting your car leasing journey.,1,1,1,straightforward+intentional+warm
"Shift into gear with confidence, backed by our expert guidance.",1,1,1,straightforward+intentional+warm
We're excited to assist you in choosing the right vehicle that fits your needs.,1,1,1,straightforward+intentional+warm
Enjoy every mile with our tailored leasing plans.,1,1,1,straightforward+intentional+warm
"Trust us to provide accurate valuations, so you can make informed decisions with ease.",1,1,1,straightforward+intentional+warm
Our account management team ensures a seamless experience tailored to you.,1,1,1,straightforward+intentional+warm
"With our help, finding your dream car is just a click away.",1,1,1,straightforward+intentional+warm
We prioritize your satisfaction at every stage of the leasing process.,1,1,1,straightforward+intentional+warm
Rely on us for a smooth and hassle-free account management experience.,1,1,1,straightforward+intentional+warm
Unlock more with our support guiding every step of your leasing journey.,1,1,1,straightforward+intentional+warm
"We're here to simplify your car valuation experience, making it as easy as possible.",1,1,1,straightforward+intentional+warm
Let us handle the details while you focus on enjoying your drive.,1,1,1,straightforward+intentional+warm
Experience personalized service that caters to all your leasing needs.,1,1,1,straightforward+intentional+warm
Count on us to ensure you're matched with the perfect vehicle.,1,1,1,straightforward+intentional+warm
Our approach is centered around making your car buying experience pleasant and efficient.,1,1,1,straightforward+intentional+warm
Discover the ease of leasing with our friendly and knowledgeable team by your side.,1,1,1,straightforward+intentional+warm
We're committed to being your reliable partner in the car leasing process.,1,1,1,straightforward+intentional+warm
Our mission is to help you find the lease that best suits your budget and lifestyle.,1,1,1,straightforward+intentional+warm
"Together, let's navigate the road to a seamless car leasing experience.",1,1,1,straightforward+intentional+warm
Let us help you make informed decisions about your next car lease.,1,1,1,straightforward+intentional+warm
We're excited to assist you in discovering your perfect vehicle match.,1,1,1,straightforward+intentional+warm
Enjoy the ride as we support you every step of the leasing process.,1,1,1,straightforward+intentional+warm
Need a car valuation? We're here to provide accurate and helpful insights.,1,1,1,straightforward+intentional+warm
Reach out any time; your satisfaction is our priority.,1,1,1,straightforward+intentional+warm
Let us guide you toward the best leasing options available.,1,1,1,straightforward+intentional+warm
Our friendly team is here to ensure your leasing experience is seamless.,1,1,1,straightforward+intentional+warm
Discover a hassle-free way to lease with our expert assistance.,1,1,1,straightforward+intentional+warm
We're committed to helping you find a car that fits your lifestyle perfectly.,1,1,1,straightforward+intentional+warm
"Take the next step confidently, knowing we're here to support you.",1,1,1,straightforward+intentional+warm
Let Auto Trader simplify the car valuation process for you.,1,1,1,straightforward+intentional+warm
You're in good hands with our dedicated account management team.,1,1,1,straightforward+intentional+warm
We promise to make leasing an enjoyable journey for you.,1,1,1,straightforward+intentional+warm
"Explore exceptional leasing deals tailored just for you, with our help.",1,1,1,straightforward+intentional+warm
Our mission is to support you with all your automotive needs.,1,1,1,straightforward+intentional+warm
Trust us to deliver insightful car valuations whenever you need them.,1,1,1,straightforward+intentional+warm
Let us ease your mind with expert guidance on your next lease.,1,1,1,straightforward+intentional+warm
Count on our team to walk you through every leasing option.,1,1,1,straightforward+intentional+warm
We're thrilled to assist you in driving away with your dream car.,1,1,1,straightforward+intentional+warm
Benefit from our seasoned expertise as you navigate the car market.,1,1,1,straightforward+intentional+warm
We're committed to making your car valuation experience seamless and rewarding.,1,1,1,straightforward+intentional+warm
Enjoy the journey with our leasing options designed just for you.,1,1,1,straightforward+intentional+warm
Our experts are ready to help you get the best value for your vehicle.,1,1,1,straightforward+intentional+warm
"Your dream car is just a lease away, let us guide you there.",1,1,1,straightforward+intentional+warm
Need support with your account? We're here to simplify everything.,1,1,1,straightforward+intentional+warm
Drive your aspirations with our tailored leasing solutions.,1,1,1,straightforward+intentional+warm
We're here to ensure your car valuation is smooth and straightforward.,1,1,1,straightforward+intentional+warm
Partner with us to unlock the best leasing deals around.,1,1,1,straightforward+intentional+warm
Feel confident knowing we're here to assist with all your leasing needs.,1,1,1,straightforward+intentional+warm
Let us take the stress out of your car valuation process.,1,1,1,straightforward+intentional+warm
We're excited to help you find a lease that fits your budget and style.,1,1,1,straightforward+intentional+warm
Our dedicated team is here to support your journey from start to finish.,1,1,1,straightforward+intentional+warm
Discover leasing options crafted to match your unique needs.,1,1,1,straightforward+intentional+warm
Count on us to provide the guidance you need for a hassle-free lease.,1,1,1,straightforward+intentional+warm
We're passionate about helping you maximize your car's value.,1,1,1,straightforward+intentional+warm
Explore the freedom of leasing with our friendly support team.,1,1,1,straightforward+intentional+warm
We're thrilled to assist you in securing the perfect car lease.,1,1,1,straightforward+intentional+warm
Let us help you navigate your leasing options with confidence.,1,1,1,straightforward+intentional+warm
Our mission is to make your car valuation experience enjoyable and easy.,1,1,1,straightforward+intentional+warm
