Sentence,straightforward,intentional,warm
Check the vehicle history report before purchasing.,1,0,0
Schedule a test drive at your convenience.,1,1,0
Our team is excited to help you find the right car.,1,1,1
We're here to assist you with your car search.,1,0,1
Choose the best finance option for your needs.,1,1,0
Only registered sellers can list new cars.,1,0,0
Pay nothing until the lease is finalized.,1,0,0
Get instant car valuations with our tool.,1,1,0
Let us help make car buying easy for you.,1,0,1
Find your dream car without the hassle.,1,1,1
Price includes VAT unless otherwise stated.,1,0,0
Reserve your vehicle with a refundable deposit.,1,1,0
Sellers decide the final sale price.,1,0,0
You can complete the paperwork online.,1,1,0
Your dream car is just a few clicks away.,1,0,1
Follow these steps to complete your purchase.,1,1,0
Mileage may affect the car's valuation.,1,0,0
Begin your search with our easy-to-use filters.,1,1,0
Retain proof of all vehicle-related transactions.,1,0,0
Access your account to view payment plans.,1,1,0
Enjoy a stress-free experience with us.,1,0,1
Check eligibility for promotional offers.,1,0,0
You can customize the lease terms to suit you.,1,1,0
Visit our site for current promotions.,1,0,0
Let us guide you through the leasing process.,1,1,1
The deposit will hold your preferred vehicle.,1,0,0
Submit your application online for faster processing.,1,1,0
A hard credit check is part of the lease process.,1,0,0
Keep records of your vehicle service history.,1,0,0
Explore different financing options available to you.,1,1,0
We're thrilled to help you with your vehicle needs.,1,0,1
Dealers set prices based on market conditions.,1,0,0
Calculate your monthly payments using our calculator.,1,1,0
Ensure your listing contains accurate vehicle details.,1,0,0
We're committed to making your car search enjoyable.,1,1,1
Advert packages differ for private and trade sellers.,1,0,0
Secure your deal by confirming your reservation.,1,1,0
Photos should accurately represent the car's condition.,1,0,0
We'll help finalize your car purchase seamlessly.,1,1,0
Thanks for choosing us as your automotive partner.,1,0,1
Verify the authenticity of car documents.,1,0,0
Finish the process with our secure checkout system.,1,1,0
Verify the seller's details before proceeding.,1,0,0
Update your account profile to stay informed.,1,1,0
Only UK-registered vehicles are advertised.,1,0,0
Let us ensure you have a smooth transition to leasing.,1,1,1
Include both interior and exterior photos in listings.,1,0,0
Arrange home delivery or collection from the dealer.,1,1,0
Reserve through our platform for enhanced buyer protection.,1,0,0
Ensure your settings allow for timely notifications.,1,1,0
Payments are processed through our secure partners.,1,0,0
Review our leasing guides for a comprehensive overview.,1,1,0
We're proud to support you at every stage of your journey.,1,0,1
Notify us of any account discrepancies immediately.,1,0,0
We're always just a call or click away.,1,0,1
"Once verified, your advert will go live.",1,1,0
Dealers must adhere to advertised pricing.,1,0,0
Save time by managing tasks through our app.,1,1,0
Ensure funds are available before the transaction.,1,0,0
Choose home delivery for added convenience.,1,1,0
Report fraudulent activities on our platform.,1,0,0
Access your account dashboard for detailed insights.,1,1,0
Upload high-resolution photos for better results.,1,0,0
Review your credit score before applying.,1,0,0
Instantly compare deals using our comparison tool.,1,1,0
Ensure your contact details are current.,1,0,0
Secure your pricing with our price lock feature.,1,1,0
We're dedicated to providing excellent customer service.,1,0,1
Rely on comprehensive checks to confirm vehicle quality.,1,0,0
Learn how depreciation affects resale value.,1,1,0
Ensure compliance with our selling guidelines.,1,0,0
Get personalized recommendations tailored to your needs.,1,1,0
Read reviews for buyer and seller insights.,1,0,0
We're thrilled to partner with you on this journey.,1,1,1
Car delivery terms depend on dealer policies.,1,0,0
Use our app to track your leasing progress.,1,1,0
Check the warranty period before buying.,1,0,0
Discover how leasing can benefit your lifestyle.,1,1,0
Report listing errors for prompt resolution.,1,0,0
Access finance calculators from your user dashboard.,1,1,0
Listings must be updated regularly to remain active.,1,0,0
Explore options to extend your lease term.,1,1,0
Payment confirmations will be emailed directly.,1,0,0
Stay informed with our latest automotive insights.,1,1,0
Verify licensing details for sellers before purchase.,1,0,0
Gather detailed quotes to compare vehicle prices.,1,1,0
Ensure all vehicle documents are complete before sale.,1,0,0
Arrange payments through certified channels only.,1,1,0
It’s our pleasure to support your automotive journey.,1,0,1
Align your ad with the latest compliance standards.,1,0,0
Utilize advanced search tools for better results.,1,1,0
Choose from a range of extended warranty options.,1,0,0
Stay safe by using our secure messaging system.,1,1,0
Ensure vehicle registration complies with local laws.,1,0,0
We’ll guide you through creating a personalized shortlist.,1,1,0
Adhere to best practices when negotiating terms.,1,0,0
Discover financing options that fit your budget.,1,1,0
All advertisements must comply with legal standards.,1,0,0
"Based on your input, we'll provide tailored options.",1,1,0
Allow us to simplify your car leasing experience.,1,1,1
Vehicle inspections must be arranged through your dealer.,1,0,0
Compare your shortlist to make an informed decision.,1,1,0
Keep maintenance receipts for warranty claims.,1,0,0
Ensure your advert meets all required specifications.,1,1,0
Ownership details must be accurately recorded.,1,0,0
Explore flexible payment plans to suit your needs.,1,1,0
Refunds are processed within standard timelines.,1,0,0
Secure your ideal car with a reservation fee.,1,1,0
Service histories enhance vehicle value perception.,1,0,0
We're here to ensure your journey is smooth and rewarding.,1,1,1
Financing terms differ with each provider.,1,0,0
Enhance your buying strategy by accessing detailed reports.,1,1,0
Ensure appropriate payment methods are utilized.,1,0,0
Access your digital showroom anytime.,1,0,0
Start your car search now with Auto Trader.,1,1,0
We make car buying easy and enjoyable for you.,1,1,1
Update your advert details through your account.,1,0,0
Complete the process online or in person.,1,1,0
Simply enter the vehicle's details to begin.,1,1,0
Let us help you find your perfect vehicle match.,1,1,1
Check your advert status at any time online.,1,0,0
We’re here for any questions about your car options.,1,0,1
Log in to track your vehicle's valuation.,1,0,0
You can lease directly through our online portal.,1,1,0
Book a test drive at your convenience.,1,1,0
Experience the ease of car leasing with Auto Trader.,1,1,1
Explore our latest deals online now.,1,0,0
Your reserved cars are saved in your account.,1,0,0
Browse by brand or model for the best deals.,1,1,0
"Relax, we're here to make it a simple process for you.",0,1,1
Sort by price to find what's within your budget.,1,1,0
Confirm your email to receive vehicle updates.,1,0,0
Discover new car listings every day.,1,0,0
Navigate through our online tools effortlessly.,1,1,0
Choose your lease term and mileage now.,1,1,0
We’re here to guide you to your next car.,1,1,1
Verify your account for seamless access.,1,0,0
Complete your car purchase from the comfort of home.,1,1,0
We're thrilled to be part of your car journey.,0,0,1
Learn more about leasing through our knowledge center.,1,0,0
Finalize your car selection and payment online.,1,1,0
Compare car models easily with our tools.,1,0,0
We'll be with you every step of the way.,1,1,1
Reach out anytime for further assistance.,1,0,1
Sign in to keep track of your favorite vehicles.,1,1,0
Detailed car specs are available online.,1,0,0
"No worries, let us make this simple for you.",0,1,1
Calculate your potential savings on our site.,1,1,0
Thank you for choosing us for your car needs.,1,0,1
Use our valuation tool to understand trade-in value.,1,1,0
Easily renew your advert through your profile.,1,0,0
Find special offers tailored just for you.,1,1,0
Post your vehicle for sale with a few clicks.,1,0,0
Let us simplify your car buying process today.,1,1,1
Discover competitive prices for every budget.,1,1,0
View recent searches to make informed decisions.,1,0,0
We’re excited to help you find your dream car.,1,1,1
We’re ready to answer any questions you have.,1,0,1
Check the status of your current listings.,1,0,0
Secure your deal through our secure payment options.,1,1,0
You can view your saved searches at any time.,1,0,0
We know the car search can seem overwhelming.,0,1,1
Start by logging into your account for updates.,1,1,0
Click to refresh your stored vehicle preferences.,1,0,0
Our tools allow you to make the right choice.,1,1,0
Scan your adverts for updates and improvements.,1,0,0
Feel free to reach out; we love hearing from you.,0,0,1
Confirm your contact details for future communication.,1,0,0
Secure your favorite car options with a deposit.,1,1,0
Track the value of your car investment here.,1,0,0
Let us know how we can assist in your car search.,1,1,1
Adjust your leasing terms to fit your needs.,1,1,0
Review the terms of your lease agreement.,1,0,0
Multiple payment methods are available for your convenience.,1,0,0
We simplify every step of your car purchase.,1,1,1
Manage your car ads directly from your dashboard.,1,0,0
Join Auto Trader and make the buying process easier.,1,1,0
Keep your contact info updated for best service.,1,0,0
Set up alerts for new car listings.,1,1,0
"Remember, our support doesn't stop here.",1,0,1
Wondering about finance options? Explore online.,1,1,0
Access financial assistance options in your account.,1,0,0
Contact us to learn more about exclusive offers.,1,1,0
Ensure your adverts meet Auto Trader guidelines.,1,0,0
Review vehicle history reports for peace of mind.,1,1,0
Log in to access your advert management dashboard.,1,0,0
Set your preferred search criteria easily.,1,1,0
Enhance your listing visibility with our advanced tools.,1,0,0
We're passionate about finding the right car for you.,1,1,1
Verify all your advert details for accuracy.,1,0,0
We help you understand the leasing process simply.,1,1,0
Access vehicle comparisons in real-time.,1,0,0
Upgrade your car today with competitive trade-in offers.,1,1,0
Ensure you meet the listing criteria before posting.,1,0,0
Reach out if any details need clarification.,1,0,1
Browse our extensive collection of pre-owned cars.,1,1,0
Update your payment information through your account.,1,0,0
Thank you for choosing Auto Trader as your partner.,1,0,1
Get estimates on different leasing options quickly.,1,1,0
Include accurate details when posting your car advert.,1,0,0
Apply for lease financing through our online portal.,1,1,0
Your adverts are stored for up to four weeks.,1,0,0
Focus on your goals to find the right car.,1,1,0
Contact us anytime for guidance during your car purchase.,1,0,1
Maintain your membership account for exclusive benefits.,1,0,0
Calculate your lease payments using our online tools.,1,1,0
Ensure all documents are submitted for verification.,1,0,0
Simplify your car buying with online features.,1,1,0
We're thrilled to assist you throughout your journey.,1,1,1
Assess your car options with detailed online resources.,1,0,0
Discover easy steps to transition into a new vehicle.,1,1,0
Auto Trader is delighted to assist with your car needs.,1,0,1
Set your priorities for a smoother car buying process.,1,1,0
Find trusted dealers with our verified lists.,1,1,0
Use our pricing guides to value your vehicle.,1,0,0
Navigate leasing agreements with confidence.,1,1,0
You deserve a seamless car shopping experience.,1,0,1
Double-check your contact preferences for updates.,1,0,0
Let us make your car quest exciting and straightforward.,1,1,1
Enter your preferences to start personalized searches.,1,0,0
Explore all financing possibilities for your purchase.,1,1,0
Review automatic alerts for new car arrivals.,1,0,0
Adjust filters to refine your vehicle search results.,1,1,0
Take action on saved searches when ready.,1,0,0
We’re eager to assist you in finding your ideal car.,1,1,1
Evaluate your budget to set reasonable expectations.,1,0,0
Browse inventory by feature or specification.,1,1,0
We'll make sure you're supported every step along the way.,1,0,1
Click here to begin your financing application.,1,0,0
"Once you select your car, add it to your wishlist.",1,1,0
We're always just a phone call away.,0,0,1
Manage your adverts in the 'My Account' section.,1,0,0
"Hey, just to let you know, we've got you covered!",0,1,1
List your motorcycle hassle-free today.,1,0,0
Find your next dream car here at Auto Trader.,1,1,0
Drive away happy with Auto Trader by your side.,1,1,1
Create or edit your advert any time.,1,0,0
Review financing options for your selected vehicle.,1,0,0
Choose your preferred payment plan now.,1,1,0
Post your car listing for free.,1,0,0
We're thrilled to help you find your perfect match!,0,0,1
Use our filters to narrow down your search results.,1,0,0
Reserve your favorite vehicle for a small fee.,1,1,0
Consider us your helpful car search companions.,0,0,1
Please provide your contact details for further assistance.,1,0,0
Check your email for the verification link.,1,1,0
Update your account information as needed.,1,0,0
Select the best insurance package for your needs.,1,1,0
Start by exploring local vehicle listings.,1,0,0
Review our terms and conditions for more details.,1,0,0
Let us assist you with customizing your lease.,1,1,0
Find the nearest dealership using our locator tool.,1,0,0
Join us as we celebrate your car-buying success!,0,0,1
Ready to make a change? We're here to support you.,1,1,1
Complete your profile for personalized recommendations.,1,0,0
Confirm your appointment with the dealer directly.,1,0,0
"Just send us the details, and we'll get started.",1,1,0
Check back later for new vehicle listings.,1,0,0
Set your budget to keep your search focused.,1,1,0
Exciting times ahead with your new car journey!,0,0,1
View recently added inventory on our website.,1,0,0
Discover cars tailored just for you with Auto Trader.,1,1,1
Choose a vehicle category to begin.,1,0,0
Take advantage of our tool to estimate monthly payments.,1,1,0
Decide on your preferred payment method today.,1,1,0
Follow our easy steps to finalize your purchase.,1,0,0
You can customize your finance options to suit your needs.,1,1,0
"You're almost there, and we're cheering for you all the way!",0,1,1
Log in to view your saved listings.,1,0,0
Secure your deal before the offer expires.,1,1,0
Adjust your search criteria for more results.,1,0,0
Explore our leasing options for stress-free driving.,1,1,0
Let the journey to a new car begin!,0,0,1
Your feedback is valuable; share your thoughts.,1,0,0
You can choose to browse by brand or model.,1,1,0
"For urgent inquiries, contact our support team.",1,1,0
Jumpstart your car search adventure with us!,0,0,1
Notify us of any changes regarding your vehicle listing.,1,0,0
Plan ahead by reviewing our leasing options today.,1,1,0
"Take the plunge, and let us support your car dreams!",0,0,1
You're in good hands with Auto Trader's customer care.,1,0,1
Your account holds the key to many useful features.,1,1,0
Reserve your dream car with a refundable deposit.,1,0,0
"Share your car buying journey with us, we’re here to help.",1,1,1
Transactions are processed securely by our payment partner.,1,0,0
Enable alerts to stay updated on new listings.,1,1,0
"Whatever you decide, we're here to guide.",0,1,1
Ensure your contact information is up to date.,1,0,0
Narrow your search using our comprehensive filters.,1,1,0
Review your leasing options via our online calculator.,1,0,0
Customize your alerts based on your search criteria.,1,1,0
Access the user guide for more detailed information.,1,0,0
"We value your journey, and we're excited to assist.",1,1,1
Keep your profile updated for a personalized experience.,1,0,0
List your vehicle now and join our community of sellers.,1,0,0
Click here to unlock more search features.,1,1,0
Review the car's details before confirming your interest.,1,0,0
Easily compare prices across different similar models.,1,1,0
Find information on vehicles from leading manufacturers.,1,0,0
Feel free to explore and we’ll support your decisions.,1,1,1
Make informed decisions with our leasing insights.,1,0,0
We're on a mission to make car shopping easier for you.,1,0,1
Complete your vehicle reservation quickly and easily online.,1,1,0
Access dealer contact details for more inquiries.,1,0,0
Discover the right loan options with our guide.,1,1,0
Password retrieval is just a click away.,1,0,0
Check your spam folder if you don’t see our confirmation email.,1,1,0
Switch between grid and list views on the listing page.,1,0,0
Follow our step-by-step guide to process your lease.,1,1,0
Set reminders for upcoming payments in your account.,1,0,0
More details can be found under the 'Help' section.,1,1,0
Update your notification preferences in your account settings.,1,0,0
Efficiently sort shortlisted cars by various criteria.,1,1,0
Our team is dedicated to ensuring a smooth transition.,1,1,1
Leverage advanced search options to refine results.,1,0,0
Everything you need to know is just one click away.,1,1,0
Visit our FAQs page for commonly asked questions.,1,0,0
Reach out when you're ready; we're happy to assist!,1,1,1
You can extend your listing period in settings.,1,0,0
Enable saved searches for the latest updates.,1,1,0
"Let's make your car dreams come true, together.",0,0,1
Utilize budget planning tools for better decision-making.,1,0,0
Complete the application form to initiate the process.,1,1,0
Detailed specifications are available for every listed vehicle.,1,0,0
Maximize your search potential with our online platform.,1,1,0
We've got your back throughout the car buying journey.,1,0,1
Update your car listing under 'My Listings'.,1,0,0
Experience seamless browsing with our user-friendly interface.,1,1,0
Book a test drive with your preferred dealer.,1,0,0
Review your lease options before making a decision.,1,1,0
"Just select your car, and we’ll assist with the rest.",1,1,1
Log in with your account to manage your adverts.,1,0,0
Check prices with our easy vehicle valuation tool.,1,0,0
Think of us as your car-buying partner!,0,0,1
Schedule a callback at your convenience.,1,1,0
Explore the latest models with our expert guidance.,1,1,1
Click 'Forgot Password' to reset your login details.,1,0,0
Start by selecting your preferred vehicle type.,1,1,0
Don't stress – car shopping should be fun!,0,0,1
Use our platform to compare different vehicle makes.,1,0,0
Our experts will guide you through every step.,1,1,1
Only UK-registered vehicles are eligible for sale listings.,1,0,0
Visit our help center for additional resources.,1,0,0
Did you know you can track your order status anytime?,0,1,1
Find the right car for your lifestyle with us.,1,1,1
Learn about financing options for your chosen car.,1,1,0
Listing is only available to franchised dealers of new cars.,1,0,0
Complete your transaction through our secure checkout.,1,0,0
Your dream car is just a few clicks away!,0,0,1
Confirm your details to finalize the lease agreement.,1,1,0
Access your saved searches for quick car browsing.,1,0,0
Update your preferences to receive personalized offers.,1,1,1
You can list up to three pictures for each vehicle.,1,0,0
Arrange financing through our reliable partners.,1,1,0
Don't miss out; offers expire soon!,0,1,0
Navigate to your profile to update personal information.,1,0,0
We'll keep you informed throughout your car-buying journey.,1,1,1
We're thrilled to help you find the perfect ride!,0,0,1
Click here to begin the online leasing process.,1,1,0
Sell your car by posting it on our platform.,1,0,0
"From car research to purchase, we've got your back.",1,1,1
Choose mileage options for your lease contract.,1,0,0
Verify your email to complete account registration.,1,0,0
Explore hundreds of options in our inventory section.,1,1,0
Welcome to a stress-free car buying experience!,0,0,1
Access 24/7 online support for all your queries.,1,0,0
Book your next service visit online today.,1,1,0
Check your in-progress transactions any time on your dashboard.,1,0,0
Let us help you drive away in style.,1,1,1
Our finance calculator helps you estimate monthly payments.,1,1,0
Adjust your search filters to find the best match.,1,0,0
"If there's an issue, revisit your dealer profile.",1,0,0
Get ready for an amazing car journey with us!,0,1,1
Secure your car with a refundable reservation.,1,1,0
Choose your payment plan to suit your budget.,1,1,0
Keep your contact details up to date on our site.,1,0,0
We're here to simplify your car shopping experience.,1,1,1
Update your details to safeguard your account.,1,0,0
Only UK-registered vehicles will appear in search results.,1,0,0
Easily navigate through our online buying guide.,1,1,0
Exciting times ahead in your new car journey!,0,0,1
Refundable deposits provide peace of mind.,1,0,0
Let our team guide your vehicle choice process.,1,1,1
Avoid password misuse by resetting regularly.,1,0,0
Create a shortlist of your favorite vehicles.,1,1,0
Discover all vehicles categorized by make and model.,1,0,0
Register your account to save and compare listings.,1,1,0
"Place adverts for any UK vehicle under £1,000 for free.",1,0,0
Our experts simplify your car finance decisions.,1,0,1
Check the FAQs to find quick answers.,1,0,0
Upload pictures and details to complete your advert.,1,1,0
Be swift; opportunities like this don’t last.,0,1,0
Review options to see suitable finance plans.,1,1,0
Just click to email us for more information.,1,1,0
Enter car details to start the valuation process.,1,1,0
Set up alerts to notify you of new listings.,1,0,0
Finalize your agreement once paperwork is ready.,1,1,0
Excited to assist you on this car journey!,0,0,1
Update your payment information to continue services.,1,0,0
Visit automotive forums linked on our platform for insights.,1,0,0
Ensure your documents are up to date for smoother transactions.,1,1,0
Connect with sellers using the direct message option.,1,0,0
We'll walk you through each leasing step.,1,1,1
Vehicles over ten years old require additional checks.,1,0,0
Always verify vehicle details before making an offer.,1,0,0
Save your deals for future reference and easy access.,1,1,0
Here’s to happy trails with your new car!,0,0,1
Apply discount codes at checkout for savings.,1,1,0
Review your transaction history within your profile.,1,0,0
Choose between leasing or buying for flexibility.,1,1,0
Check email notifications for important account updates.,1,0,0
Ensure all listing details are accurate before posting.,1,0,0
Avoid delays by completing all sections of your profile.,1,1,0
Call customer service for additional account security features.,1,0,0
Sign up for alerts when new models are listed.,1,1,0
Subscription services automatically renew unless canceled.,1,0,0
Act now for exclusive early access deals!,0,1,0
Add backup payment methods to prevent service disruptions.,1,0,0
Manage your listings from the convenience of your device.,1,1,0
Connect with fellow car enthusiasts on our platform.,1,0,1
Make sure to revisit saved searches frequently.,1,0,0
Your digital account holds all transaction records.,1,1,0
Explore leasing for an affordable way to enjoy new cars.,1,1,0
Update notification settings to receive weekly updates.,1,0,0
Join us on this exciting journey to find your perfect car.,1,1,1
Remember to compare offers before finalizing any deal.,1,0,0
Start leasing with flexible terms tailored to you.,1,1,0
Enjoy promotional rates by signing up for our newsletter.,1,0,0
Reach out anytime for more detailed vehicle descriptions.,1,1,0
We’re delighted to help you find your dream car.,1,0,1
Explore our vehicle options to find the perfect match.,1,1,0
Access your account to update your advert settings.,1,0,0
Check your vehicle's valuation online instantly.,1,0,0
Discover an affordable leasing option that suits you.,1,1,0
We're thrilled to guide you through your car buying journey.,1,0,1
Let us simplify your path to a new vehicle!,0,1,1
Only UK-registered vehicles can be listed.,1,0,0
Don't hesitate to ask if you need further assistance.,1,0,1
Think of us as your friendly car companion.,0,0,1
We're excited to help you find your dream car without any hassle.,0,1,1
Finalize your leasing application in just a few clicks.,1,1,0
Make sure your details are accurate before submission.,1,0,0
Thank you for choosing us on your car journey.,1,0,1
Get a clear picture of your purchase options today.,1,1,0
Ensure your contact information is updated in your profile.,1,0,0
View available leasing deals specifically tailored for you.,1,1,0
Welcome aboard!,0,0,1
"We understand, and we're here to help.",0,0,1
The platform supports both buying and leasing transactions.,1,0,0
Please verify your information before proceeding.,1,1,0
Review your options in the 'My Offers' section.,1,0,0
We're thrilled to be part of your car search journey.,1,0,1
Update your advert settings in your account dashboard.,1,1,0
All leases require a credit check before approval.,1,0,0
Navigate to your wishlist to view saved cars.,1,1,0
It’s great to have you with us!,1,0,1
Discover the convenience of finding your next car online.,1,1,1
"We're in this together, every mile of the way.",0,0,1
Our team is ready to support your leasing adventure.,1,1,1
Contact customer support for personalised assistance.,1,1,0
Register as a new user to list vehicles.,1,0,0
Modify your search filters to refine results.,1,1,0
Select the vehicle type you wish to purchase.,1,0,0
Leasing inquiries require providing financial details.,1,0,0
Lease a car with flexible payment plans.,1,1,0
Check your approved credit amount effortlessly.,1,1,0
These terms apply when advertising vehicles.,1,0,0
"We're always here, rooting for you!",0,0,1
"Don't delay, secure your perfect car now!",0,1,0
Complete your transaction by verifying payment details.,1,1,0
This platform ensures secure car transactions.,1,0,0
Excited to find your new wheels? We're here to help!,1,1,1
Ensure your vehicle listing is comprehensive.,1,0,0
Submit documentation for verification before transaction.,1,0,0
Quickly track the status of your application online.,1,1,0
Enter accurate details for a smooth advert process.,1,0,0
Reach out anytime; we're happy to help.,1,0,1
Let's make your car dream a reality!,1,1,1
Verify the seller's information before purchase.,1,0,0
We've got your back in this car journey.,0,0,1
Your advert will remain for 28 days.,1,0,0
Excited about your new car? We're here to assist!,1,1,1
Ready to hit the road? Let's make it happen!,0,1,1
Reset your password through the 'Account Settings'.,1,1,0
Understand your finance options with our expert guides.,1,0,0
Secure what you're looking for before someone else does.,1,1,0
Let us know how we can improve your experience.,1,0,1
We're committed to making your car purchase seamless.,1,1,1
Advertisers can choose from multiple listing options.,1,0,0
We’re all about making things easier for you.,0,0,1
Follow the simple instructions to complete your lease application.,1,1,0
Register now to start listing your vehicles.,1,0,0
Find competitive insurance quotes directly through us.,1,0,0
Explore dozens of vehicles to find your ideal car.,1,1,0
We're delighted you're using our service!,1,0,1
"Once verified, access exclusive deals and offers.",1,1,0
Vehicle information must conform to the platform's rules.,1,0,0
Get the latest updates by checking your account.,1,1,0
We're just a click away!,0,0,1
Only specific sellers can list commercial vehicles.,1,0,0
Answer a few quick questions to complete registration.,1,1,0
Thanks for choosing us!,1,0,1
Transform your car leasing experience with our platform.,1,1,0
"Listings require clear, accurate vehicle photographs.",1,0,0
Need guidance? Our friendly team is ready to assist.,1,1,1
Click to view our privacy and data policies.,1,0,0
Sign in to explore new vehicle deals and incentives.,1,1,0
We’re thrilled to help you find the right vehicle!,1,0,1
Complete payment setup to finalise your order.,1,1,0
Use your registered email for account inquiries.,1,0,0
Review frequently asked questions about vehicle leasing.,1,1,0
Authenticate your account to begin the leasing process.,1,0,0
It takes minutes to create a seller account online.,1,1,0
Secure a test drive by contacting the seller directly.,1,0,0
Only verified dealers can lease luxury models.,1,0,0
Here to support you every step of the way!,1,1,1
Learn about protecting your investment with extended warranties.,1,1,0
Upload accurate vehicle documentation during listing creation.,1,0,0
Act now to secure your favorite vehicle!,0,1,0
Understand your credit score implications with our guide.,1,1,0
"Relax, we’re handling everything for you.",1,1,1
Have all personal information ready for leasing applications.,1,0,0
Make adjustments in the 'Edit Listing' section.,1,1,0
Auto Trader simplifies car sales with tailored listings.,1,0,0
Start listing your vehicles today for better reach.,1,1,0
We're so pleased you're with us on this journey!,1,0,1
Enhance your car experience through expert advice.,1,1,0
Visit our FAQ section for common inquiries.,1,0,0
Schedule a preferred test drive date with the dealer.,1,0,0
We’re here to make things simple for you.,1,1,1
Your reservation will be held for three days.,1,0,0
Reports are available on your account dashboard.,1,0,0
Filter vehicle searches to find specific features you desire.,1,1,0
Complete required fields for a full appraisal report.,1,1,0
This is just the beginning of your journey with us!,0,0,1
Read our terms and conditions before proceeding.,1,0,0
Scheduled maintenance tips are available on our website.,1,1,0
Listing fees are non-refundable once processed.,1,0,0
Let us be your guide on this exciting ride.,1,1,1
Price estimates differ with various vehicle models.,1,0,0
Browse our marketplace for unique car selections.,1,1,0
Certain restrictions apply to vehicle export sales.,1,0,0
Enter your details for a personalized leasing plan today.,1,1,0
Modify your dealership settings under the 'Account' section.,1,0,0
Unlock exclusive offers by signing up for alerts.,1,1,0
Automate your advertising with our easy setup options.,1,0,0
Welcome to the family!,1,0,1
All set? Let’s finalize your car order now.,1,1,0
Track leasing application status from your dashboard.,1,0,0
Authenticate using your registered phone number.,1,0,0
We're delighted to assist with your car needs.,1,1,1
Vehicle descriptions must meet platform guidelines.,1,0,0
Complete your profile for enhanced recommendations.,1,1,0
"Hurry, these deals won't last long!",0,1,0
We're your partner in finding the car you love.,1,1,1
Complete verification before access to our full features.,1,0,0
We'll guide you through the payment process step-by-step.,1,1,0
We are thrilled to get you on the road effortlessly!,0,1,1
You can easily manage your advert through your personal account.,1,1,0
Find your next car by browsing thousands of listings online.,1,1,0
The payment will be securely processed through Stripe.,1,0,0
Lease agreements may vary in duration based on your preferences.,1,0,0
Easily compare car features side by side.,1,0,0
Choose from various payment plans that suit your budget.,1,0,0
Begin your search today and discover fantastic deals.,1,1,0
We're delighted to help you find the perfect vehicle.,1,1,1
"If you have questions, our friendly team is here to answer them.",1,0,1
Review the lease terms carefully before signing the agreement.,1,1,0
The valuation provided helps you understand your car's market worth.,1,0,0
Book a test drive directly through our website.,1,0,0
Let's get you into a car you love as soon as possible.,1,1,1
Submit your application to start the leasing process.,1,0,0
We accept payment through various online methods for your convenience.,1,0,0
Ensure your information is accurate to speed up the process.,1,0,0
Save cars to your watchlist for easy comparison later.,1,0,0
Our platform offers tools to assist with vehicle financing.,1,1,0
Check eligibility criteria before applying for a lease.,1,0,0
All vehicles must comply with UK registration laws.,1,0,0
Use the search filters to narrow down vehicle listings.,1,1,0
Promotion details can be found on our offers page.,1,0,0
Enjoy peace of mind with our secure online payment system.,1,1,1
Your advert's visibility depends on the package you select.,1,0,0
Advert retention times are dictated by our policy.,1,0,0
Updating your contact information is essential for seamless transactions.,1,0,0
Start by exploring our vast collection of available cars.,1,1,0
Leasing terms are based on annual mileage and duration.,1,0,0
Email notifications will keep you updated on your application status.,1,0,0
Review all options before finalizing your decision.,1,0,0
Select the best deal for a hassle-free transaction.,1,1,0
Your satisfaction is our top priority at every step.,1,0,1
Our platform is designed to streamline your car buying journey.,1,1,0
We adhere strictly to data protection regulations to safeguard your information.,1,0,0
Make informed choices by consulting our expert advice section.,1,1,0
Thank you for choosing us as your vehicle partner.,1,1,1
Check out our latest blog for car buying tips.,1,0,0
The valuation tool is free and easy to use.,1,0,0
Complete your application online to save time.,1,1,0
Buyers should verify all vehicle details before purchase.,1,0,0
Explore financing options available through our trusted partners.,1,0,0
Keep your account secure by updating your password regularly.,1,0,0
Accurate listings attract more interested buyers to your advert.,1,0,0
Follow these steps to quickly list your car for sale.,1,1,0
Reference numbers make it easier for everyone.,1,0,0
All transactions are subject to terms and conditions.,1,0,0
Use our valuation tool to estimate your car’s worth.,1,1,0
Update your settings to customize your account experience.,1,0,0
Use our tools to calculate monthly lease payments.,1,1,0
Complete all required fields to submit your application.,1,0,0
Ensure your listing meets Auto Trader's guidelines.,1,0,0
The leasing process may include a credit check.,1,0,0
Our search engine helps you find cars by make or model.,1,1,0
Securely upload documents via our digital platform.,1,1,0
Let's find you the car you've always dreamed of.,1,1,1
Be aware of phishing attempts during the leasing process.,1,0,0
Follow the guidelines to correctly list electric vehicles.,1,0,0
Consider your long-term needs when selecting a lease agreement.,1,1,0
Review all car features and specifications before purchase.,1,0,0
Read our financing guide for expert tips.,1,1,0
Use the dealer ratings to assist in your decision-making.,1,1,0
Check back often for updates on new vehicle listings.,1,1,0
Listings must have clear and accurate vehicle photographs.,1,0,0
Utilize our app for a seamless mobile experience.,1,1,0
Ensure all paperwork is complete before finalizing the sale.,1,1,0
Buyers and sellers can communicate through secured messaging.,1,0,0
Accurate mileage disclosure is crucial for integrity.,1,0,0
We’re excited to help you with your car search.,1,1,1
Keep your contact details up-to-date for better communication.,1,0,0
You'll receive a confirmation email once your transaction is complete.,1,0,0
Listing fees are based on the category and duration selected.,1,0,0
Always report suspicious activity to our support team.,1,0,0
"Learn about lease transfer options, available on our website.",1,1,0
Contact our experts for tailored advice on car purchases.,1,1,0
Information accuracy is important when listing your vehicle for sale.,1,0,0
"Remember, we're here to make things easy for you.",0,0,1
We'll notify you about upcoming changes to our services.,1,0,0
Check your credit report before applying for lease plans.,1,0,0
You can submit documents electronically through our secure portal.,1,1,0
Ensure your car meets environmental regulations before selling.,1,1,0
You may preview your listing prior to publication.,1,0,0
Monitor your listing's performance through your dashboard.,1,1,0
Let us make your car buying journey enjoyable.,1,1,1
Listings should be regularly updated to attract potential buyers.,1,0,0
We're thrilled to assist you on this journey!,0,0,1
Listings missing key details will not be approved.,1,0,0
Directly contact dealerships through their provided numbers.,1,1,0
Required documentation must be submitted before processing applications.,1,0,0
Notify us immediately if any discrepancies arise.,1,1,0
Your account activity is easily accessible via our platform.,1,0,0
Our support is here to make this process easier for you.,1,0,1
The payment calculator helps plan your budget effectively.,1,1,0
Order status updates are available through your account.,1,1,0
Legal terms govern each part of the transaction.,1,0,0
Review FAQs to understand common car buying procedures.,1,0,0
Insurance options can be explored post-purchase.,1,0,0
Advert expiry will be communicated via email notifications.,1,0,0
Explore budget-friendly options using our special filters.,1,1,0
Compliance with advertised terms is essential for all transactions.,1,0,0
Generate interest by providing detailed vehicle descriptions.,1,1,0
Enabling notifications helps track your advert's progress.,1,0,0
Wood panels must match manufacturer specifications.,1,0,0
Thank you for considering our platform for your car search.,1,0,1
Listing updates should comply with the latest guidelines.,1,0,0
Confirm your email for uninterrupted account access.,1,1,0
Provide your feedback to improve our services.,1,0,0
We're grateful to be part of your car journey!,0,0,1
Vehicle categories should accurately reflect the type of listing.,1,0,0
Secure payment gateways ensure safe transactions.,1,0,0
Listings must be complete to qualify for promotions.,1,0,0
Incomplete profiles may delay transaction processes.,1,0,0
Access exclusive deals by subscribing to our newsletter.,1,1,0
Follow industry trends for better selling strategies.,1,0,0
We value your trust and are here to support your needs.,1,1,1
Ensure vehicle images meet our quality standards.,1,0,0
Click here to start your free car valuation.,1,1,0
List your vehicle today.,1,0,0
Unlock exclusive offers by signing up now.,1,1,0
Simply select the vehicle type you want.,1,1,0
Check your inbox for account verification.,1,0,0
We're thrilled to see your interest in our cars!,0,0,1
Confirm your subscription to Auto Trader's newsletter.,1,0,0
Just click to see our latest deals.,1,1,0
Follow easy steps to update payment methods.,1,0,0
Signing in is quick and easy.,1,0,0
We're here when you're ready to explore.,0,0,1
Use the 'Search' function to find specific models.,1,1,0
You can log in without entering a password.,1,0,0
Verify your email to continue.,1,1,0
Browse top models with ease.,1,0,0
Connect with sellers with just a click.,1,1,0
Welcome aboard! Let's find your dream car.,0,0,1
Set your preferences to receive tailored offers.,1,1,0
Access your account for full details.,1,0,0
Review finance options quickly.,1,1,0
Enter your email to retrieve password.,1,0,0
Review your advert before publishing.,1,0,0
"Reach out anytime, we love your questions!",0,1,1
Only UK-registered vehicles are allowed on the platform.,1,0,0
Complete your profile for better results.,1,1,0
You can update your advertisement later.,1,0,0
Explore various finance options in our guide.,1,1,0
Confirm all details before submission.,1,0,0
We're delighted you're part of our community.,0,0,1
Provide your ZIP code for local deals.,1,1,0
Sellers are responsible for vehicle listings.,1,0,0
Discover new inventory daily.,1,1,0
Make sure the photos are clear and appealing.,1,0,0
Navigate our website with easy tabs.,1,0,0
"Hurry, limited-time offer!",0,1,0
Create alerts for price drops.,1,1,0
Turn on notifications for updates.,1,0,0
Consider multiple offers before deciding.,1,1,0
Thank you for choosing us for your journey!,0,0,1
Details of the car should be accurate.,1,0,0
Ensure your contact info is correct.,1,0,0
View our tips for getting the best price.,1,1,0
Sign up for test drive experiences.,1,0,0
Update your password regularly for security.,1,1,0
Choose to view listings from trusted dealers.,1,0,0
Start by noting your budget requirements.,1,1,0
Begin your search for the ideal model.,1,1,0
Ensure your vehicle meets emissions standards.,1,0,0
Grab a deal before it's gone!,0,1,0
Only approved listings appear live.,1,0,0
We'd love to help you find the right fit.,0,0,1
Schedule a call with our experts.,1,1,0
Editable fields are available in your account.,1,0,0
Review our guidelines before submitting photos.,1,1,0
Begin by filtering listings that match your criteria.,1,1,0
Provide necessary documents when listing your car.,1,0,0
Use our calculators to estimate costs.,1,0,0
Contact customer service for assistance.,1,1,0
Verify your registration before proceeding.,1,0,0
Explore insurance options through our partners.,1,1,0
Choose from available payment methods.,1,1,0
Advertisements must follow community guidelines.,1,0,0
Check back for new updates frequently.,1,0,0
We're excited to help you on this journey!,0,1,1
Consider feedback from past buyers.,1,1,0
Submit your inquiry for quick responses.,1,0,0
Tap on any listing to learn more.,1,1,0
Only payment partners handle transactions.,1,0,0
Customize search criteria for better results.,1,1,0
Make a new listing with updated details.,1,0,0
Buyers contact sellers directly.,1,0,0
Find the best offers today with easy filters.,1,1,0
Enjoy browsing our fabulous selection!,0,0,1
Add more photos for better visibility.,1,0,0
Compare multiple financing offers side by side.,1,1,0
Respond swiftly to inquiries for faster sales.,1,1,0
Verify adverts for consistency and accuracy.,1,0,0
Upload required documents securely.,1,0,0
Check your inbox for our newsletter.,1,0,0
Enter accurate mileage details for transparency.,1,0,0
Follow the 'More Like This' section for similar cars.,1,1,0
Adjust privacy settings in your profile.,1,0,0
Search for recently reviewed cars.,1,1,0
Select multiple cars for side-by-side comparison.,1,0,0
Follow user taste trends for popular models.,1,0,0
Check vehicle history reports before buying.,1,0,0
Review our expert buying tips before choosing.,1,1,0
Double-check your listings for typos.,1,0,0
Delete expired listings promptly if not removed.,1,0,0
We're so happy to see you exploring with us!,0,0,1
Only verified users can access premium features.,1,0,0
Confirm mobile number for enhanced security.,1,0,0
Find trending cars by exploring our latest section.,1,1,0
Fill out our quick survey to improve service.,1,1,0
We're so glad you're part of our automotive family!,0,0,1
Ensure advertised features are accurate.,1,0,0
The 'Favorites' function helps track preferred options.,1,1,0
Comprehensive checkups recommend before purchase.,1,0,0
New inventory is updated regularly.,1,0,0
View full specifications for detailed insights.,1,1,0
Listings expire if not extended.,1,0,0
Love seeing all of you here!,0,0,1
Secure vehicles with refundable deposits.,1,1,0
Make use of our detailed filters.,1,0,0
Select manual or automatic transmission.,1,0,0
Act fast for this hot deal!,0,1,0
Confirm account details for verification process.,1,0,0
Check step-by-step guides for easy navigation.,1,1,0
Review terms and conditions before agreement.,1,0,0
Accessible features for enhanced experience.,1,0,0
Offers update weekly for new deals.,1,1,0
Attach necessary forms with applications.,1,0,0
Use our mobile app for quick access.,1,1,0
Have questions? We're just a click away!,0,1,1
Start by selecting your desired make and model.,1,1,0
Contact our support if you experience any account issues.,1,0,0
Feel free to browse our collection of online tools.,1,1,0
Thanks for choosing Auto Trader; we're excited to assist you!,1,0,1
Enter your email to receive updates on new listings.,1,0,0
Secure your favorite car with a refundable deposit.,1,1,0
Our policies ensure safe and straightforward transactions.,1,0,0
Get detailed insights into the vehicle's history before purchasing.,1,1,0
Advertisements for registered cars require compliance with our policies.,1,0,0
Achieve peace of mind with a thorough vehicle inspection.,1,1,0
Provide your vehicle details for an accurate valuation.,1,0,0
We're glad to support you in your car buying journey!,1,0,1
Find exclusive deals and discounts on your next purchase.,1,1,0
Only registered vehicles can be featured in our listings.,1,0,0
Our registration process ensures legitimate transactions.,1,0,0
Access a wide network of trusted dealers and sellers.,1,1,0
Please review our terms before proceeding with the sale.,1,0,0
Thanks for trusting us with your car search!,1,0,1
Stay informed with the latest car trends and guides.,1,1,0
Follow these simple steps to finalize your lease agreement.,1,0,0
Enable notifications for immediate updates on price drops.,1,1,0
"Before buying, always confirm vehicle details with the seller.",1,0,0
Customize your search to find cars that fit your lifestyle.,1,1,0
We're here to make your car buying experience delightful!,1,0,1
Enhance your search with our advanced filtering options.,1,1,0
Ensure the vehicle is inspected by a professional before buying.,1,0,0
Leverage our resources to make informed decisions.,1,1,0
Confirm your details to proceed with the payment process.,1,0,0
We appreciate partnering with you on your journey to find a new ride!,1,0,1
Learn more about how financing options can work for you.,1,1,0
Advertise your car easily through our user-friendly platform.,1,0,0
Compare vehicles side-by-side to make the best choice.,1,1,0
Welcome! We're excited to help you discover your next vehicle.,1,0,1
Take advantage of our expert reviews and recommendations.,1,1,0
Remember to verify seller details for your safety.,1,0,0
"Once purchased, coordinate pickup directly with the seller.",1,1,0
Access your dashboard to manage your current listings.,1,0,0
Explore flexible financing options tailored to your budget.,1,1,0
"Congratulations on finding your perfect car, let’s get you driving!",1,0,1
"Don't miss out, secure your spot with us today!",0,1,0
Review your purchase agreement carefully before finalizing.,1,1,0
Access tools to help you budget for your next car.,1,0,0
We're thrilled to see you explore our range of vehicles!,1,0,1
Start your search by entering key details in the search bar.,1,1,0
Utilize our valuation tools for the best market price.,1,1,0
You can view all offers and discounts in your account.,1,0,0
Thanks for choosing us as your vehicle search partner!,1,0,1
Set up your account to receive alerts on new listings.,1,0,0
Ensure your information is up-to-date for hassle-free transactions.,1,1,0
Let's get you closer to your dream car with ease.,0,1,1
Check the service history before completing the purchase.,1,0,0
Interested in financing? Explore our flexible plans.,1,1,0
We’re happy to help with any questions you may have.,1,0,1
Review buyer ratings to make informed decisions.,1,0,0
Bookmark your favorite listings for easy reference.,1,1,0
Regular maintenance ensures your vehicle's longevity and performance.,1,0,0
Sign up for newsletters with the latest car reviews.,1,1,0
Manage your transactions and orders through our interface.,1,0,0
Confirm your vehicle registration status for listing eligibility.,1,0,0
You can edit your advert details anytime through your account.,1,1,0
We thank you for joining our community of car enthusiasts!,1,0,1
Compare financing options to find the right fit for you.,1,1,0
You must update your reservation details if there are changes.,1,0,0
Reach out to dealerships directly to schedule a test drive.,1,1,0
Get timely alerts on upcoming auctions and events.,1,0,0
Our online help center offers solutions to common queries.,1,1,0
Remember to save your search criteria for quick access.,1,0,0
Customize your alerts to receive information on new arrivals.,1,1,0
We're committed to offering you a seamless buying experience!,1,0,1
Verify your contact information before posting your advertisement.,1,0,0
Take advantage of trade-in offers to maximize your value.,1,1,0
Thanks for reaching out; we’re here to answer your questions.,1,0,1
Cheers to an exciting journey ahead with your new car!,0,0,1
Protect your purchase with our trusted warranty options.,1,1,0
Update your listing any time to maintain accuracy.,1,0,0
Use our comparison tool to evaluate different features and prices.,1,1,0
Include detailed photos with your advert to attract more buyers.,1,0,0
We're delighted you chose us for your car buying needs.,1,0,1
Discover vehicles based on your preferred color and type.,1,1,0
Follow our safety guidelines for secure transactions.,1,0,0
Start by setting a realistic budget for your next vehicle.,1,1,0
It’s wonderful to welcome you aboard; let’s find your car!,1,0,1
Contact customer service for any immediate assistance.,1,0,0
Use filters to narrow down your vehicle search.,1,1,0
Thank you for being a valued part of our community!,1,0,1
Plan a visit to see the vehicle in person before deciding.,1,1,0
Interested buyers can contact you directly via our platform.,1,0,0
Get the latest updates by signing up for our alerts.,1,1,0
Verify your identity to enhance the security of your account.,1,0,0
"If dissatisfied with a purchase, contact the seller for resolution.",1,1,0
Excited to start your car hunt? We’re equally thrilled to assist!,1,0,1
Ensure all documents are complete before transferring ownership.,1,0,0
Review our guidelines to understand the car leasing process.,1,1,0
Be sure to complete your profile for optimal experience.,1,0,0
Install our app for faster vehicle searches on the go.,1,1,0
Keep your contact info updated for seamless communication.,1,0,0
Consider subscribing to our premium membership for exclusive benefits.,1,1,0
We're delighted to help you find your dream vehicle!,1,0,1
Use loan calculators to estimate monthly payments.,1,1,0
Set reminders for scheduled maintenance on your vehicle.,1,0,0
Access service records to understand your vehicle’s history.,1,1,0
"Enjoy exploring, and let's make this car journey a delightful one!",1,0,1
Our terms detail the responsibilities of both buyers and sellers.,1,0,0
"Don't delay, start your search for the ideal ride now!",0,1,0
Evaluate the value of your current vehicle with our estimator.,1,1,0
"To ensure a fair deal, get a third-party assessment.",1,0,0
Choose the best financing plan based on your circumstances.,1,1,0
We're grateful to assist you on this exciting car adventure!,1,0,1
Get alerts when your favorite models are back in stock.,1,1,0
Log into your account to track all your transactions.,1,0,0
Sign up to receive tips on maintaining your new vehicle.,1,1,0
Explore various warranty plans to safeguard your purchase.,1,0,0
Sign up for alerts to get the latest car deals.,1,1,0
Upload your car photos to improve your listing.,1,0,0
Customize your deal using our deal builder tool.,1,1,0
View similar cars to compare features and prices.,1,0,0
We're here to make your car buying journey smooth.,1,0,1
Get instant alerts for price drops on your favorite cars.,1,1,0
A workshop check ensures the car's condition.,1,0,0
Find your dream car today with Auto Trader.,1,1,1
Review car specs before making your decision.,1,0,0
Check out sellers' ratings before making a purchase.,1,1,0
We're committed to helping you find the best deal.,1,1,1
"Act quickly, this offer expires soon!",0,1,0
Compare leasing terms between different dealers.,1,1,0
Your feedback helps us improve our services.,1,0,0
Read our buyer's guide for top tips and advice.,1,1,0
Many thanks for choosing Auto Trader for your car needs!,1,0,1
Set your budget and find cars within your range.,1,1,0
Your valuation request is being processed.,1,0,0
Discover your perfect car match with our handy tools.,1,1,1
"Of course, we’re always ready to assist whenever you need it.",0,1,1
Unlock exclusive offers by signing up today.,1,1,0
Ensure your listing includes all necessary details.,1,0,0
Let us guide you through a stress-free buying experience.,1,1,1
Verify your account through the link sent to your email.,1,0,0
Use our search filters to narrow down your options.,1,1,0
We appreciate your trust in Auto Trader.,1,0,1
Analyze market trends with our comprehensive data tools.,1,1,0
Login to your account to view saved vehicles.,1,0,0
Count on us for support at every step.,1,1,1
The maximum upload size for photos is 5MB each.,1,0,0
Explore financing options tailored to your needs.,1,1,0
Thank you for being a valued part of our community.,1,0,1
Discover purchasing benefits by joining our membership program.,1,1,0
Lock in current prices with a deposit.,1,0,0
Check eligibility for flexible finance solutions.,1,1,0
Please review our privacy policy before signing up.,1,0,0
We’re just a call away if you need us.,0,0,1
Maximize exposure by enhancing your advert with premium features.,1,1,0
Learn more about our zero-emission vehicle offers.,1,0,0
We're dedicated to making this process enjoyable for you.,1,1,1
Data protection is a priority in all transactions.,1,0,0
Follow these simple steps to complete your lease agreement.,1,1,0
Renew your listing to keep attracting potential buyers.,1,0,0
Feel free to contact us for further assistance.,1,1,1
A full MOT history is available upon request.,1,0,0
Confirm your booking with just one click.,1,1,0
Keep your account details updated for a smooth experience.,1,1,0
We're here to help make your car dreams come true.,1,0,1
Follow our expert advice for a successful sale.,1,1,0
Don’t miss out; secure your deal today!,0,1,0
Start your car journey with our easy step-by-step guide.,1,1,0
Offer competitive prices to attract serious buyers.,1,0,0
"Whatever you need, we're always happy to help!",1,1,1
Enter your details to speed up the application process.,1,1,0
Check our FAQs for answers to common questions.,1,0,0
Access exclusive content by creating an account today.,1,1,0
We'll calculate your potential savings on leasing deals.,1,1,0
Ensure you meet the eligibility criteria for financing.,1,0,0
Review and confirm your order in the checkout.,1,1,0
Update your profile to receive personalized recommendations.,1,0,0
We're eager to make your car adventure the best ever.,1,1,1
Offer valid while supplies last.,1,0,0
Organize your car search with custom filters and alerts.,1,1,0
You're in good hands with Auto Trader.,1,0,1
Make the most of our trade-in deals today.,1,1,0
Ümlaut your excitement and let's get moving!,0,0,1
Your session will expire soon; please save your progress.,1,0,0
Reserve cars directly through our online portal.,1,1,0
Each transaction is encrypted for your safety.,1,0,0
We offer clear and upfront pricing for all services.,1,1,0
Cheers to a great car buying experience with us.,1,0,1
Confirm any reservations to finalize your booking.,1,1,0
You need to verify your email to activate your account.,1,0,0
Get the car you've always wanted by applying online.,1,1,0
"Absolutely, let us know how we can assist further!",0,1,1
Regular updates ensure compliance with the latest regulations.,1,0,0
Review the final terms before agreeing to any lease.,1,1,0
Be sure to read customer reviews for insights.,1,0,0
Our goal is to support your journey to the perfect car.,1,1,1
Access finance options tailored to your budget and needs.,1,1,0
Seller feedback is critical to our platform's success.,1,0,0
Thank you for making Auto Trader your choice for automotive needs.,1,0,1
"No worries, we've got everything sorted for you!",1,1,1
Ensure your contact information is updated.,1,0,0
Check the car's history report before buying.,1,1,0
We provide detailed specs for all featured cars.,1,0,0
Use the VIN number to verify your car's history.,1,1,0
A full service history is available on request.,1,0,0
We're thrilled to assist you with your automotive needs.,1,1,1
Quickly schedule a test drive using our online tools.,1,1,0
Pricing is subject to change based on availability.,1,0,0
You can edit your listing anytime in your account.,1,1,0
Ensure payment details are secure when transacting online.,1,0,0
Enjoy an easy and flexible leasing process with us.,1,1,0
You can contact the seller directly for more information.,1,0,0
Alerts notify you when cars drop below your budget.,1,1,0
We're delighted to partner with you on this journey.,1,0,1
Easily access service records for your listed vehicles.,1,1,0
Explore our latest deals by visiting our homepage.,1,0,0
Register to create a personalized shopping experience.,1,1,0
Time-sensitive offer—act quickly!,0,1,0
Always double-check your payment confirmation details.,1,0,0
Apply for financing directly through our online platform.,1,1,0
We make car shopping enjoyable and hassle-free.,1,0,1
Contact support for any technical issues during your visit.,1,1,0
Listings include tax and additional charges in pricing.,1,0,0
Let’s make your car-buying journey as smooth as possible.,1,1,1
List your car easily and quickly.,1,1,0
Enter your details to see your potential loan offer.,1,0,0
Our team is excited to assist you today.,1,1,1
Ensure your photos are clear and detailed for your listing.,1,0,0
Feel free to explore our collection without any rush.,0,1,1
Gain peace of mind with our car warranty options.,1,1,0
Upload necessary documents to complete your leasing application.,1,0,0
We're thrilled to help find your perfect ride!,0,0,1
"Once you find the right car, we'll make the process easy.",1,1,0
Read through terms carefully before committing.,1,0,0
Find great car deals near your location.,1,0,0
Let us help you on the road to your next adventure.,1,1,1
Advert renewal can be managed through your account dashboard.,1,0,0
Exciting deals are just a click away!,0,0,1
Choose your perfect model and book a test drive today.,1,1,0
Offers are subject to credit approval.,1,0,0
Prices are listed in GBP for all UK vehicles.,1,0,0
Explore various financing options to suit your budget.,1,1,0
We're here to make car buying a breeze!,0,0,1
Follow easy steps to get your loan pre-approval.,1,1,0
Ensure your contact information is correct for communication.,1,0,0
Start your journey towards a new vehicle with confidence.,1,1,0
We can’t wait to hear about your new driving experience!,1,0,1
Use our valuation tool to estimate your car's worth.,1,0,0
We completely understand the importance of making the right choice.,0,1,1
Ensure your payment details are up-to-date for smooth transactions.,1,0,0
Create an account to manage your listings efficiently.,1,1,0
Your dream car is closer than you think!,0,0,1
Our system automatically updates new listings daily.,1,0,0
Compare different lease options to find your best deal.,1,1,0
Verify the mileage before finalizing the purchase.,1,0,0
Ready to hit the road? We've got you covered.,1,1,1
Complete the online form to receive further information.,1,0,0
Revisit offers until you find the perfect match.,1,1,0
All transactions processed through our secure gateway.,1,0,0
"Sellers must provide accurate, up-to-date vehicle details.",1,0,0
Check our terms for eligibility criteria.,1,0,0
Find and book test drives directly through our platform.,1,1,0
We genuinely hope you'll love your choice.,1,0,1
The dealer will contact you to arrange delivery.,1,0,0
Dive into our extensive collection of vehicles to lease.,1,1,0
Listings must comply with all applicable advertising standards.,1,0,0
"Take your time, and let us guide you through this process.",0,1,1
Highlight key features to make your advert stand out.,1,1,0
Compare interest rates from multiple lenders.,1,0,0
Select the number of installments you prefer for repayment.,1,0,0
Schedule your pickup date directly on our site.,1,1,0
Complete your purchase by pressing 'Confirm.',1,0,0
Discover the finance options available for your chosen car.,1,1,0
Pay securely online to reserve your vehicle.,1,0,0
Save time by completing the reservation process today.,1,1,0
Prices vary by model and specifications.,1,0,0
We’re glad to support you at every step.,1,0,1
Your booking confirmation will be emailed to you.,1,0,0
Adverts are removed if renewal isn't completed within 30 days.,1,0,0
We're excited to embark on this journey with you.,0,1,1
Visit your account page to review your listings.,1,1,0
Tailor your search by setting specific filters.,1,1,0
Dealers set final sale prices.,1,0,0
Let’s help you find the car that fits your lifestyle.,1,1,1
Upload high-resolution images for best results.,1,0,0
"Our advice is available anytime, all you need to do is ask.",0,1,1
Take practical steps to budget for your monthly installments.,1,1,0
Ensure your vehicle is advertised with complete accuracy.,1,0,0
Click here to learn more about interest rates.,1,1,0
We appreciate your interest in our leasing options.,1,0,1
"Don't stress, changes can be made anytime.",0,1,0
Confirm vehicle availability before visiting the dealership.,1,0,0
Secure your next vehicle by engaging with our trusted partners.,1,1,0
Verify all documentation before finalizing your transaction.,1,0,0
Our tools make vehicle shopping easy and enjoyable.,1,1,1
Prices displayed exclude additional charges like tax and fees.,1,0,0
Log in to track the status of your sale or purchase.,1,1,0
Appraisals are offered based on current market conditions.,1,0,0
Start your path to a new adventure with us today.,1,1,1
Review lease terms carefully before signing any agreements.,1,0,0
Set your leasing preferences to explore tailored options.,1,1,0
Report any misleading ads promptly through your account.,1,0,0
Booking your test drive is just a few clicks away.,1,1,0
Our privacy policy ensures your data is protected.,1,0,0
Mileage restrictions apply to select leasing options.,1,0,0
Confirm all details for smooth transaction completion.,1,1,0
"With us, driving a new car is a delightful experience.",1,1,1
Finalize your financing by choosing your preferred payment plan.,1,1,0
Each vehicle listing needs a clear title and description.,1,0,0
Ensure your contact details are accurate for all communications.,1,0,0
Authorize a credit check to proceed with your application.,1,1,0
Our dedicated team is here to guide you along the way.,0,1,1
Send all inquiries via our official communication channels.,1,0,0
Confirm that your listing meets all advertising standards.,1,0,0
Check out our latest updates on the automotive industry.,1,1,0
Contact our support if you face any issues during purchase.,1,0,0
Let’s get you back on the road with a smile!,0,0,1
Complete the required fields to submit your vehicle online.,1,0,0
All deposits are fully refundable if conditions are unmet.,1,0,0
View comprehensive reports for each listed automobile.,1,0,0
Speed up the process by directly contacting the dealer.,1,1,0
Sellers should regularly update advert status.,1,0,0
Your happiness is our ultimate driving force.,0,1,1
Learn about tax advantages when opting for a lease.,1,1,0
We value your feedback and are here to listen.,1,0,1
Use our mobile-friendly interface for convenience.,1,0,0
Personalize your car search by using our detailed filters.,1,1,0
Automate your payments to avoid missed deadlines.,1,0,0
Reach out anytime—our team is here to support you.,1,1,1
Clear terms apply to all financial agreements.,1,0,0
Organize your listings efficiently for better management.,1,1,0
Use our checklist to prepare for selling your car.,1,0,0
Verify identification before completing the transaction.,1,0,0
We're always here to make car buying fun and easy!,0,0,1
Adjust your advert settings through personal account portal.,1,0,0
Provide accurate odometer readings for transparency.,1,0,0
Inform us of any changes to your listing.,1,0,0
Begin your search with our user-friendly guide.,1,1,0
We’re eager to hear about your successful car find.,1,0,1
Change any details easily within your account settings.,0,1,0
